0.000053,0.000008,0.000057,1.000000
-0.000009,0.000048,0.000503,1.000000
-0.003268,-0.002543,0.000368,0.999991
-0.002104,-0.002495,0.001004,0.999994
-0.000475,-0.002389,0.001418,0.999996
0.000918,-0.002221,0.002108,0.999995
0.001555,-0.002133,0.002699,0.999993
0.001440,-0.002163,0.002639,0.999993
0.000281,-0.002301,0.001803,0.999996
-0.000659,-0.002373,0.001348,0.999996
-0.001682,-0.002623,0.000289,0.999995
-0.001837,-0.002700,0.000625,0.999994
-0.001692,-0.002657,0.001060,0.999994
-0.001230,-0.002817,0.001572,0.999994
-0.000296,-0.002611,0.001507,0.999995
-0.000266,-0.002387,0.001417,0.999996
-0.001164,-0.002421,0.001689,0.999995
-0.001383,-0.002475,0.001410,0.999995
-0.000995,-0.002555,0.001065,0.999996
0.000119,-0.002735,0.000705,0.999996
0.000343,-0.002572,0.001777,0.999995
0.000422,-0.002573,0.001842,0.999995
0.000963,-0.002418,0.002721,0.999993
0.001550,-0.002670,0.001765,0.999994
0.001762,-0.002532,0.002138,0.999993
0.000524,-0.002760,0.001852,0.999994
0.000285,-0.002538,0.002862,0.999993
0.000717,-0.002758,0.002588,0.999993
0.002019,-0.002919,0.002660,0.999990
0.002145,-0.002787,0.002338,0.999991
0.001562,-0.002546,0.002960,0.999991
0.000112,-0.002703,0.002505,0.999993
-0.000458,-0.002801,0.002453,0.999993
-0.001057,-0.002819,0.001395,0.999994
-0.000027,-0.002781,0.001627,0.999995
-0.000527,-0.002923,0.001510,0.999994
-0.000290,-0.003139,0.002359,0.999992
-0.000625,-0.003410,0.001069,0.999993
0.000160,-0.003711,0.001624,0.999992
0.000663,-0.003540,0.000814,0.999993
0.000613,-0.003328,0.002645,0.999991
0.000433,-0.004366,0.001525,0.999989
-0.000290,-0.004357,0.001967,0.999989
-0.001516,-0.005030,0.001878,0.999984
-0.001880,-0.006460,0.002560,0.999974
-0.002304,-0.007283,0.003796,0.999964
0.000430,-0.007475,0.002824,0.999968
0.002678,-0.008059,0.002647,0.999960
0.003683,-0.009712,0.001884,0.999944
0.000695,-0.011346,0.003470,0.999929
0.000291,-0.012758,0.002794,0.999915
0.000665,-0.012878,0.003015,0.999912
0.001601,-0.012536,0.002140,0.999918
0.000046,-0.011846,0.003519,0.999924
-0.000337,-0.011636,0.003358,0.999927
0.003100,-0.011123,0.004278,0.999924
0.002425,-0.011006,0.003228,0.999931
0.002915,-0.010225,0.003826,0.999936
-0.002688,-0.010838,0.001394,0.999937
-0.001686,-0.009826,0.001328,0.999949
-0.001796,-0.008843,0.000824,0.999959
-0.000228,-0.008039,0.002660,0.999964
-0.000287,-0.007942,0.002889,0.999964
-0.002685,-0.008073,0.004484,0.999954
-0.001116,-0.008083,0.004214,0.999958
-0.006266,-0.008266,0.004538,0.999936
-0.008994,-0.008302,0.002365,0.999922
-0.010328,-0.008305,0.001602,0.999911
-0.003713,-0.007806,0.002406,0.999960
0.001885,-0.007065,0.002311,0.999971
0.002397,-0.006779,0.003103,0.999969
-0.000650,-0.006704,0.002155,0.999975
-0.001762,-0.006528,0.003559,0.999971
-0.001077,-0.006407,0.003849,0.999971
0.007680,-0.006051,0.002305,0.999950
-0.001757,-0.007555,0.002085,0.999968
-0.001410,-0.008333,0.002119,0.999962
-0.009346,-0.010994,0.001979,0.999894
-0.006387,-0.011901,0.000798,0.999908
-0.005392,-0.012636,-0.000328,0.999906
-0.001711,-0.012626,0.001502,0.999918
-0.004449,-0.012559,0.005951,0.999894
-0.007070,-0.012966,0.006362,0.999871
-0.006371,-0.013199,0.005147,0.999879
-0.003617,-0.013861,0.000045,0.999897
-0.003967,-0.013964,-0.001714,0.999893
-0.006861,-0.013975,-0.003135,0.999874
-0.005646,-0.013918,-0.000257,0.999887
-0.003440,-0.013971,-0.000195,0.999896
-0.003604,-0.013959,-0.002112,0.999894
-0.000320,-0.013717,-0.005406,0.999891
-0.002720,-0.013942,-0.004273,0.999890
-0.003236,-0.013692,-0.002050,0.999899
-0.003960,-0.014023,0.000206,0.999894
0.000480,-0.013437,-0.000300,0.999910
0.003510,-0.013283,-0.000368,0.999906
0.001741,-0.013746,0.000210,0.999904
-0.001377,-0.013825,0.003308,0.999898
-0.000552,-0.013572,0.002464,0.999905
0.007353,-0.013132,0.001839,0.999885
0.007378,-0.013408,-0.000700,0.999883
0.004288,-0.013272,-0.002500,0.999900
-0.000667,-0.012924,-0.001645,0.999915
0.001458,-0.013373,-0.004297,0.999900
0.002011,-0.013226,-0.002691,0.999907
-0.000576,-0.013436,-0.004734,0.999898
-0.004820,-0.013468,-0.004199,0.999889
-0.003770,-0.013558,-0.005473,0.999886
-0.002607,-0.013793,-0.005708,0.999885
0.001044,-0.013755,-0.010925,0.999845
-0.001347,-0.014144,-0.012819,0.999817
-0.002032,-0.014095,-0.013156,0.999812
-0.005741,-0.014209,-0.008271,0.999848
-0.006000,-0.014801,-0.006825,0.999849
-0.004348,-0.015288,-0.007872,0.999843
-0.002829,-0.015214,-0.007829,0.999850
-0.000641,-0.015255,-0.006972,0.999859
-0.000719,-0.014936,-0.005010,0.999876
0.001252,-0.014710,-0.005425,0.999876
0.001812,-0.014861,-0.005330,0.999874
0.000316,-0.015083,-0.005249,0.999872
-0.002676,-0.015216,-0.003438,0.999875
-0.004194,-0.015662,-0.002190,0.999866
-0.004652,-0.016319,-0.003496,0.999850
-0.003662,-0.016510,-0.004649,0.999846
-0.000896,-0.017118,-0.009477,0.999808
-0.000987,-0.017231,-0.005999,0.999833
-0.001369,-0.016808,-0.005895,0.999840
-0.003581,-0.016777,-0.005158,0.999840
-0.002366,-0.016938,-0.009250,0.999811
-0.001393,-0.016688,-0.009747,0.999812
-0.001410,-0.016303,-0.006637,0.999844
-0.000651,-0.015704,-0.005083,0.999864
0.000126,-0.015469,-0.004070,0.999872
-0.000017,-0.014862,-0.001103,0.999889
-0.000922,-0.014654,-0.001937,0.999890
-0.000747,-0.014792,-0.001824,0.999889
0.000160,-0.014571,-0.004679,0.999883
-0.001135,-0.015173,-0.006277,0.999865
-0.001402,-0.015350,-0.008005,0.999849
-0.001987,-0.015528,-0.009409,0.999833
-0.002409,-0.015795,-0.008760,0.999834
-0.005204,-0.016551,-0.013235,0.999762
-0.005674,-0.016593,-0.013932,0.999749
-0.005087,-0.016149,-0.013533,0.999765
-0.002585,-0.015517,-0.009323,0.999833
-0.001618,-0.015156,-0.009902,0.999835
-0.000057,-0.015263,-0.015193,0.999768
0.000793,-0.015473,-0.016367,0.999746
0.000921,-0.011951,-0.015859,0.999802
-0.000499,-0.010106,-0.011907,0.999878
-0.002005,-0.007998,-0.011253,0.999903
-0.004750,-0.007251,-0.011484,0.999896
-0.005008,-0.007137,-0.010682,0.999905
-0.004621,-0.006840,-0.011209,0.999903
-0.002817,-0.006408,-0.010879,0.999916
-0.002593,-0.006457,-0.010690,0.999919
-0.003367,-0.006467,-0.009349,0.999930
-0.004043,-0.007127,-0.008788,0.999928
-0.002986,-0.007164,-0.009401,0.999926
-0.002214,-0.007697,-0.010112,0.999917
-0.000961,-0.007776,-0.009638,0.999923
-0.001475,-0.008154,-0.008499,0.999930
-0.000438,-0.008220,-0.008620,0.999929
0.000908,-0.008623,-0.009735,0.999915
0.002426,-0.008471,-0.009710,0.999914
0.000174,-0.008602,-0.009627,0.999917
-0.000207,-0.008503,-0.009649,0.999917
-0.001490,-0.008624,-0.009879,0.999913
-0.001834,-0.007992,-0.010411,0.999912
-0.002843,-0.008143,-0.009712,0.999916
-0.003062,-0.008184,-0.010114,0.999911
-0.001880,-0.007985,-0.009625,0.999920
-0.004209,-0.008402,-0.010460,0.999901
-0.007281,-0.008738,-0.011149,0.999873
-0.008325,-0.008888,-0.011802,0.999856
-0.005526,-0.008485,-0.011875,0.999878
-0.001138,-0.007119,-0.009920,0.999925
-0.000392,-0.006613,-0.009337,0.999934
0.000097,-0.006836,-0.009550,0.999931
0.000041,-0.007615,-0.010446,0.999916
0.000504,-0.007783,-0.010856,0.999911
-0.000994,-0.008240,-0.010933,0.999906
-0.002797,-0.008747,-0.012178,0.999884
-0.001452,-0.008649,-0.011144,0.999899
0.001364,-0.007827,-0.009632,0.999922
0.000412,-0.008040,-0.009832,0.999919
-0.001208,-0.007527,-0.010117,0.999920
-0.003929,-0.007406,-0.012021,0.999893
-0.002623,-0.005872,-0.010947,0.999919
-0.001945,-0.005138,-0.010861,0.999926
-0.000388,-0.004788,-0.010551,0.999933
0.001027,-0.004712,-0.012314,0.999913
-0.000928,-0.004802,-0.012747,0.999907
-0.001330,-0.005173,-0.011752,0.999917
-0.002026,-0.005772,-0.007395,0.999954
0.002077,-0.005101,-0.004929,0.999973
0.003506,-0.004386,-0.001931,0.999982
0.008001,-0.003882,-0.000470,0.999960
0.005344,-0.004392,-0.001476,0.999975
0.003737,-0.003822,-0.002625,0.999982
-0.001808,-0.004251,-0.006314,0.999969
-0.003064,-0.003899,-0.006353,0.999968
-0.003310,-0.003586,-0.008236,0.999954
-0.003002,-0.003464,-0.008056,0.999957
-0.004362,-0.002976,-0.010016,0.999936
-0.004865,-0.002382,-0.008599,0.999948
-0.003918,-0.001901,-0.008897,0.999951
-0.001806,-0.001026,-0.006702,0.999975
-0.001491,-0.000839,-0.006005,0.999981
-0.002991,-0.000676,-0.005173,0.999982
-0.002605,0.000030,-0.003377,0.999991
-0.005093,0.000530,-0.002890,0.999983
-0.008162,0.001193,0.001348,0.999965
-0.008462,0.002184,0.000278,0.999962
-0.006337,0.002888,0.001666,0.999974
-0.001760,0.003384,-0.001019,0.999992
-0.000201,0.003242,-0.000124,0.999995
-0.001165,0.002935,0.000367,0.999995
-0.005636,0.002365,0.000176,0.999981
-0.007311,0.001389,-0.001128,0.999972
-0.006225,0.001420,-0.002155,0.999977
-0.003440,0.001335,-0.002084,0.999991
-0.002757,0.001299,-0.001189,0.999995
-0.002055,0.001371,-0.001583,0.999996
-0.000377,0.001472,-0.001534,0.999998
-0.000301,0.001344,-0.000638,0.999999
-0.000829,0.001695,0.000275,0.999998
-0.002000,0.001357,-0.000849,0.999997
-0.003291,0.001017,-0.002734,0.999990
-0.004460,0.001519,-0.004951,0.999977
-0.004464,0.001344,-0.003622,0.999983
-0.002530,0.001984,-0.003733,0.999988
-0.001712,0.002244,-0.002809,0.999992
-0.001502,0.002475,-0.003575,0.999989
-0.000548,0.003276,-0.002675,0.999991
0.000509,0.003436,-0.003794,0.999987
-0.000679,0.003874,-0.005281,0.999978
-0.004280,0.003986,-0.007549,0.999954
-0.005245,0.004704,-0.002846,0.999971
-0.003333,0.005828,-0.002915,0.999973
-0.001281,0.006406,-0.003808,0.999971
-0.001246,0.006658,-0.006871,0.999953
-0.001301,0.006785,-0.005533,0.999961
-0.001616,0.007180,-0.004406,0.999963
-0.000501,0.007043,-0.005850,0.999958
-0.000668,0.007388,-0.005495,0.999957
0.001019,0.007183,-0.006317,0.999954
-0.000245,0.006718,-0.006674,0.999955
-0.000984,0.007540,-0.007856,0.999940
-0.003892,0.008120,-0.006570,0.999938
-0.004580,0.008457,-0.006573,0.999932
-0.004025,0.009516,-0.007168,0.999921
-0.002504,0.010246,-0.007079,0.999919
-0.002523,0.010575,-0.005793,0.999924
-0.003276,0.010359,-0.006432,0.999920
-0.003748,0.010230,-0.007781,0.999910
-0.003306,0.010193,-0.008135,0.999909
-0.003602,0.010186,-0.006649,0.999920
-0.003480,0.010007,-0.004764,0.999933
-0.002028,0.009895,-0.003818,0.999942
-0.002376,0.009847,-0.005497,0.999934
-0.002453,0.010208,-0.006843,0.999921
-0.002912,0.010510,-0.009265,0.999898
-0.003030,0.010166,-0.009790,0.999896
-0.003824,0.010622,-0.005194,0.999923
-0.003400,0.010619,-0.004312,0.999929
-0.002982,0.009660,-0.002187,0.999947
-0.001652,0.008869,-0.007449,0.999932
-0.003386,0.008839,-0.005131,0.999942
-0.003762,0.008052,-0.005911,0.999943
-0.005011,0.008614,-0.006218,0.999931
-0.002864,0.009710,-0.007677,0.999919
-0.000621,0.011396,-0.006903,0.999911
-0.000064,0.012613,-0.004822,0.999909
-0.001646,0.012586,-0.005279,0.999906
-0.003233,0.013234,-0.004781,0.999896
-0.003055,0.013185,-0.006415,0.999888
-0.001746,0.013683,-0.005915,0.999887
0.001902,0.014105,-0.012380,0.999822
0.002536,0.013829,-0.011637,0.999833
0.002051,0.014164,-0.011460,0.999832
-0.000612,0.014155,-0.005167,0.999886
-0.002420,0.014400,-0.003625,0.999887
-0.002529,0.014248,-0.005107,0.999882
-0.003354,0.014671,-0.005759,0.999870
-0.001733,0.015334,-0.005200,0.999867
-0.003324,0.015311,-0.002820,0.999873
-0.004798,0.015417,-0.004204,0.999861
-0.005524,0.015493,-0.006218,0.999845
-0.004080,0.015928,-0.006960,0.999841
-0.003261,0.017325,-0.006862,0.999821
-0.002735,0.017578,-0.007235,0.999816
-0.002377,0.017725,-0.007579,0.999811
-0.000452,0.017579,-0.009036,0.999805
0.000173,0.017287,-0.009291,0.999807
0.000163,0.017373,-0.009108,0.999808
-0.000274,0.017029,-0.005814,0.999838
-0.000673,0.017093,-0.004750,0.999842
-0.000842,0.017295,-0.004184,0.999841
-0.000674,0.017288,-0.005161,0.999837
-0.002111,0.017736,-0.004144,0.999832
-0.002758,0.018182,-0.005243,0.999817
-0.004144,0.018551,-0.005034,0.999807
-0.002937,0.018800,-0.005856,0.999802
-0.000923,0.019263,-0.005455,0.999799
-0.000578,0.019323,-0.005000,0.999801
-0.002920,0.018677,-0.005774,0.999805
-0.004088,0.018499,-0.016754,0.999680
-0.003084,0.018881,-0.016007,0.999689
-0.001581,0.020247,-0.015544,0.999673
-0.001568,0.021121,-0.007420,0.999748
0.000309,0.021340,-0.009421,0.999728
0.001105,0.022438,-0.008835,0.999709
0.000752,0.021624,-0.007679,0.999736
-0.000798,0.020666,-0.004719,0.999775
-0.000471,0.021087,-0.004202,0.999769
-0.000395,0.021365,-0.007160,0.999746
-0.001985,0.021350,-0.008483,0.999734
-0.004781,0.021123,-0.008973,0.999725
-0.005715,0.020872,-0.006852,0.999742
-0.004306,0.021416,-0.005035,0.999749
-0.002249,0.021425,-0.006309,0.999748
-0.000912,0.021867,-0.008157,0.999727
-0.000893,0.022226,-0.008195,0.999719
-0.001682,0.022690,-0.006209,0.999722
-0.002091,0.023893,-0.004909,0.999700
-0.002512,0.024027,-0.006180,0.999689
-0.003021,0.024693,-0.006219,0.999671
-0.005077,0.025458,-0.005099,0.999650
-0.006566,0.027089,-0.004677,0.999601
-0.005702,0.027848,-0.005216,0.999582
-0.004398,0.028367,-0.006241,0.999568
-0.004391,0.028359,-0.007260,0.999562
-0.005254,0.028350,-0.007333,0.999557
-0.004812,0.028325,-0.007596,0.999558
-0.003600,0.028350,-0.006870,0.999568
-0.003246,0.027994,-0.006045,0.999585
-0.003306,0.027608,-0.006464,0.999592
-0.004133,0.027490,-0.005463,0.999599
-0.001423,0.027453,-0.007022,0.999597
-0.001746,0.027471,-0.004546,0.999611
-0.001545,0.027594,-0.004979,0.999606
-0.005219,0.027521,-0.003992,0.999600
-0.004985,0.027637,-0.007192,0.999580
-0.004978,0.027396,-0.006008,0.999594
-0.003202,0.027523,-0.006138,0.999597
-0.003228,0.027648,-0.004822,0.999601
-0.003620,0.027694,-0.007179,0.999584
-0.004287,0.027742,-0.008759,0.999568
-0.003304,0.028237,-0.008024,0.999564
-0.003278,0.028428,-0.008338,0.999556
-0.001841,0.028569,-0.007542,0.999562
-0.001154,0.028189,-0.008090,0.999569
0.000343,0.028481,-0.006204,0.999575
-0.000477,0.029003,-0.004761,0.999568
-0.004546,0.029144,-0.004205,0.999556
-0.004128,0.029447,-0.004376,0.999548
-0.003029,0.030303,-0.004337,0.999527
-0.002013,0.030763,-0.004530,0.999514
-0.003611,0.031444,-0.004387,0.999489
-0.004641,0.031488,-0.004455,0.999483
-0.001981,0.031329,-0.003552,0.999501
-0.001920,0.031423,-0.003146,0.999499
-0.004166,0.031497,-0.003271,0.999490
-0.010549,0.031150,-0.005255,0.999445
-0.012740,0.030879,-0.006324,0.999422
-0.010877,0.032307,-0.006371,0.999399
-0.005734,0.033154,-0.004091,0.999425
-0.002096,0.033305,-0.001471,0.999442
-0.001522,0.033396,0.000289,0.999441
-0.002022,0.033836,0.000713,0.999425
-0.002058,0.033880,0.001479,0.999423
-0.002812,0.033801,-0.000099,0.999425
-0.002663,0.033580,-0.009732,0.999385
-0.003671,0.034144,-0.007320,0.999383
-0.002622,0.033082,-0.005239,0.999435
-0.002949,0.033858,0.002375,0.999419
-0.002880,0.033693,0.001322,0.999427
-0.003583,0.033904,0.001170,0.999418
-0.004501,0.033712,0.001760,0.999420
-0.004160,0.033696,0.001692,0.999422
-0.004204,0.033936,0.001883,0.999413
-0.006367,0.033597,0.003613,0.999409
-0.005242,0.033769,0.004326,0.999407
-0.005622,0.034434,0.004239,0.999382
-0.003024,0.034606,0.002702,0.999393
-0.004018,0.034636,0.000600,0.999392
-0.003712,0.034608,0.000973,0.999394
-0.003227,0.034666,-0.000432,0.999394
-0.002879,0.035349,0.001199,0.999370
-0.002866,0.035226,-0.000337,0.999375
-0.004013,0.035029,0.001631,0.999377
-0.004475,0.035115,0.000140,0.999373
-0.004041,0.035621,0.001847,0.999356
-0.003491,0.035711,0.000467,0.999356
-0.002583,0.036124,0.001880,0.999342
-0.002536,0.036211,0.000304,0.999341
-0.002903,0.036559,0.001226,0.999327
-0.003264,0.036519,0.001132,0.999327
-0.003630,0.036402,0.002785,0.999327
-0.003756,0.036500,0.002908,0.999322
-0.005027,0.036437,0.001784,0.999322
-0.005072,0.037113,0.001356,0.999297
-0.005015,0.037563,0.000223,0.999282
-0.004256,0.037933,0.001168,0.999271
-0.004164,0.038332,0.000322,0.999256
-0.003908,0.038747,0.000119,0.999241
-0.004757,0.038809,-0.000400,0.999235
-0.005187,0.039389,-0.000964,0.999210
-0.005563,0.039268,-0.000026,0.999213
-0.005363,0.039807,0.001556,0.999192
-0.004803,0.039850,-0.002494,0.999191
-0.004104,0.042456,0.000054,0.999090
-0.003284,0.045525,-0.000073,0.998958
-0.003944,0.046405,0.002445,0.998912
-0.005145,0.049161,0.002955,0.998773
-0.006078,0.051653,0.005828,0.998630
-0.008712,0.052555,0.008346,0.998545
-0.011256,0.052625,0.013014,0.998466
-0.013347,0.053237,0.021827,0.998254
-0.015433,0.054512,0.037291,0.997697
-0.017792,0.054237,0.058125,0.996676
-0.020442,0.057967,0.082463,0.994697
-0.024012,0.059411,0.100858,0.992835
-0.025873,0.062291,0.116937,0.990846
-0.026336,0.067549,0.130637,0.988776
-0.022244,0.075005,0.153279,0.985081
-0.018766,0.082136,0.166611,0.982416
-0.017270,0.084210,0.175738,0.980677
-0.016370,0.083042,0.184987,0.979089
-0.012316,0.081617,0.200694,0.976171
-0.006008,0.082190,0.221611,0.971647
-0.000958,0.085043,0.235740,0.968087
0.004976,0.085506,0.250853,0.964229
0.010894,0.088553,0.262791,0.960719
0.015154,0.088686,0.277505,0.956502
0.018862,0.083287,0.288746,0.953590
0.022977,0.081605,0.299923,0.950189
0.026402,0.079556,0.311278,0.946615
0.029615,0.078057,0.324386,0.942233
0.033071,0.078983,0.333196,0.938962
0.035445,0.077395,0.339158,0.936870
0.038488,0.071752,0.350700,0.932942
0.039012,0.068440,0.363208,0.928372
0.043300,0.067153,0.377526,0.922545
0.044665,0.064393,0.388706,0.918023
0.047568,0.062536,0.402956,0.911840
0.049204,0.060599,0.415329,0.906316
0.052350,0.054835,0.439683,0.894948
0.052373,0.052230,0.456685,0.886548
0.054193,0.052115,0.468430,0.880296
0.057554,0.051672,0.471487,0.878474
0.062325,0.053947,0.472974,0.877212
0.061776,0.047871,0.486411,0.870228
0.061787,0.042237,0.500461,0.862518
0.065181,0.040227,0.513962,0.854386
0.066523,0.037791,0.525421,0.847395
0.066178,0.035471,0.537634,0.839829
0.065472,0.029418,0.548254,0.833226
0.067730,0.027825,0.549616,0.832202
0.070453,0.021081,0.547395,0.833637
0.070467,0.021953,0.553689,0.829446
0.072222,0.018501,0.570854,0.817660
0.073548,0.012080,0.582300,0.809550
0.073150,0.004913,0.586486,0.806635
0.070760,0.000776,0.584969,0.807963
0.064947,-0.002402,0.550206,0.832496
0.065082,-0.002491,0.551050,0.831927
0.065283,-0.000385,0.543592,0.836807
0.063343,-0.001438,0.559109,0.826670
0.060900,-0.003889,0.585963,0.808037
0.057563,-0.005467,0.607765,0.792009
0.055641,-0.005496,0.631861,0.773062
0.049802,-0.003019,0.642418,0.764728
0.040497,0.001973,0.644778,0.763294
0.033667,0.005372,0.646287,0.762332
0.029001,0.006642,0.649535,0.759749
0.022593,0.007207,0.649632,0.759878
0.016086,0.007425,0.646427,0.762770
0.017867,0.004269,0.650480,0.759301
0.014028,0.002135,0.649964,0.759832
0.011127,0.003428,0.651525,0.758537
0.003074,0.006601,0.650849,0.759173
-0.000077,0.008140,0.653137,0.757196
-0.003206,0.008513,0.650682,0.759296
-0.005598,0.008190,0.648926,0.760787
-0.004520,0.007352,0.653735,0.756674
-0.003475,0.006583,0.656953,0.753895
-0.004087,0.004400,0.661577,0.749853
-0.005535,0.004752,0.657926,0.753047
-0.005184,0.004917,0.658426,0.752612
-0.007170,0.004896,0.654660,0.755873
-0.006415,0.004146,0.659767,0.751432
-0.007899,0.004676,0.660612,0.750671
-0.007386,0.004754,0.662379,0.749118
-0.006205,0.003012,0.661388,0.750013
-0.005098,0.002396,0.662597,0.748955
-0.003586,0.002980,0.660402,0.750897
-0.004388,0.004102,0.656674,0.754151
-0.004562,0.004253,0.653581,0.756831
-0.004750,0.004212,0.651400,0.758708
-0.004476,0.004790,0.654166,0.756322
-0.003449,0.004289,0.653315,0.757066
-0.001803,0.003730,0.655970,0.754776
-0.001098,0.002709,0.656139,0.754634
-0.001776,0.003575,0.658796,0.752311
-0.003151,0.005795,0.657457,0.753463
-0.004710,0.006729,0.656443,0.754331
-0.005325,0.006777,0.653295,0.757054
-0.004958,0.007176,0.652657,0.757604
-0.004879,0.006882,0.653693,0.756713
-0.004423,0.006495,0.654877,0.755695
-0.003449,0.005840,0.658461,0.752584
-0.003872,0.005272,0.655905,0.754815
-0.003725,0.005369,0.657146,0.753735
-0.004398,0.006015,0.653995,0.756463
-0.003586,0.006178,0.658068,0.752924
-0.002534,0.006500,0.658039,0.752952
-0.001819,0.006914,0.661803,0.749644
-0.002114,0.007082,0.661568,0.749849
-0.000980,0.006252,0.665402,0.746458
-0.001645,0.006814,0.662055,0.749422
-0.001565,0.007564,0.662174,0.749310
-0.002146,0.007930,0.660269,0.750984
-0.002704,0.007744,0.660483,0.750796
-0.002719,0.007643,0.658943,0.752149
-0.003172,0.007151,0.657164,0.753707
-0.002436,0.006574,0.658895,0.752202
-0.001356,0.006302,0.659660,0.751537
-0.001982,0.007439,0.660694,0.750616
-0.003407,0.007546,0.657641,0.753286
-0.004013,0.008287,0.658302,0.752697
-0.003118,0.008264,0.659482,0.751668
-0.003086,0.008382,0.662107,0.749356
-0.003835,0.007999,0.663571,0.748061
-0.004754,0.008216,0.662526,0.748979
-0.004879,0.008189,0.660654,0.750630
-0.005998,0.008635,0.658419,0.752578
-0.006593,0.009099,0.656908,0.753887
-0.006128,0.008690,0.659013,0.752056
-0.004515,0.007817,0.664621,0.747126
-0.001781,0.007621,0.666467,0.745494
-0.000957,0.006930,0.663024,0.748565
-0.001365,0.007080,0.658912,0.752185
-0.000660,0.008093,0.655183,0.755426
0.000670,0.008681,0.658245,0.752753
0.002664,0.008600,0.654506,0.756003
0.002638,0.009814,0.656049,0.754650
0.001282,0.011073,0.650868,0.759109
0.001533,0.011670,0.648535,0.761094
0.003174,0.011012,0.641989,0.766628
0.006311,0.010199,0.636972,0.770794
0.007749,0.011932,0.631544,0.775209
0.008320,0.012883,0.628326,0.777799
0.005658,0.015287,0.623585,0.781585
0.006162,0.015398,0.613612,0.789433
0.007313,0.016253,0.615237,0.788141
0.010241,0.015900,0.616172,0.787384
0.011751,0.018903,0.618482,0.785483
0.012343,0.018618,0.609435,0.792522
0.014198,0.018383,0.605715,0.795342
0.015766,0.017755,0.600926,0.798952
0.014808,0.018865,0.591740,0.805772
0.015510,0.019691,0.587000,0.809198
0.016173,0.022033,0.579241,0.814698
0.013188,0.022447,0.576914,0.816390
0.008097,0.021704,0.573765,0.818692
0.006754,0.021718,0.573993,0.818544
0.004960,0.020179,0.575365,0.817633
0.001179,0.018598,0.570815,0.820867
-0.004422,0.018974,0.561572,0.827199
-0.006375,0.019620,0.551777,0.833736
-0.007517,0.017315,0.544755,0.838383
-0.007414,0.016664,0.536717,0.843565
-0.008516,0.014438,0.527894,0.849145
-0.008632,0.012947,0.523585,0.851831
-0.009202,0.015086,0.519325,0.854394
-0.011710,0.012354,0.512839,0.858316
-0.013118,0.012750,0.491980,0.870414
-0.012818,0.012613,0.480776,0.876659
-0.013116,0.010342,0.471995,0.881443
-0.013654,0.008053,0.470838,0.882077
-0.015344,0.004688,0.454807,0.890445
-0.016219,0.004483,0.442108,0.896804
-0.018817,-0.001617,0.424281,0.905333
-0.020430,-0.004390,0.414711,0.909713
-0.018082,-0.007339,0.400739,0.915984
-0.015232,-0.012989,0.390550,0.920364
-0.013026,-0.017588,0.367034,0.929950
-0.010459,-0.017755,0.355416,0.934481
-0.008983,-0.027566,0.335180,0.941708
-0.009583,-0.035854,0.315424,0.948225
-0.009369,-0.035865,0.297746,0.953925
-0.008539,-0.034269,0.284846,0.957922
-0.009118,-0.034139,0.269089,0.962467
-0.007961,-0.034725,0.251015,0.967327
-0.010400,-0.039979,0.221853,0.974205
-0.012895,-0.045381,0.195558,0.979557
-0.013429,-0.046032,0.185593,0.981456
-0.012041,-0.042609,0.177070,0.983202
-0.011469,-0.038031,0.164307,0.985609
-0.010773,-0.041705,0.150596,0.987657
-0.013925,-0.040666,0.133115,0.990168
-0.016724,-0.035648,0.119403,0.992065
-0.015414,-0.034649,0.113438,0.992821
-0.014214,-0.035800,0.114111,0.992721
-0.013098,-0.037336,0.111035,0.993029
-0.013018,-0.040971,0.108624,0.993153
-0.010982,-0.043909,0.107111,0.993216
-0.009687,-0.042270,0.095956,0.994440
-0.011108,-0.043244,0.085614,0.995327
-0.012169,-0.043783,0.071789,0.996384
-0.013052,-0.044072,0.063303,0.996935
-0.012588,-0.043759,0.061070,0.997094
-0.012717,-0.044573,0.056816,0.997308
-0.011343,-0.044928,0.048269,0.997759
-0.011171,-0.045303,0.039502,0.998129
-0.010073,-0.044635,0.031640,0.998451
-0.009940,-0.044711,0.028884,0.998533
-0.008891,-0.044872,0.026198,0.998610
-0.008884,-0.045058,0.022350,0.998695
-0.008952,-0.045209,0.018868,0.998759
-0.007441,-0.044546,0.017587,0.998825
-0.006869,-0.044161,0.016523,0.998864
-0.006528,-0.042743,0.016189,0.998934
-0.008925,-0.041957,0.014749,0.998971
-0.009722,-0.041275,0.014538,0.998995
-0.009615,-0.040468,0.014217,0.999033
-0.010064,-0.039928,0.013837,0.999056
-0.009955,-0.039397,0.013386,0.999084
-0.010579,-0.038401,0.012890,0.999123
-0.010088,-0.038255,0.013214,0.999130
-0.009978,-0.037578,0.013238,0.999156
-0.009543,-0.036898,0.013442,0.999183
-0.008952,-0.036401,0.013449,0.999207
-0.008783,-0.036235,0.013192,0.999218
-0.008670,-0.035294,0.013261,0.999251
-0.008772,-0.034575,0.013501,0.999272
-0.009214,-0.033967,0.014423,0.999276
-0.009438,-0.032898,0.013861,0.999318
-0.010264,-0.031993,0.014449,0.999331
-0.009466,-0.031165,0.013216,0.999382
-0.009638,-0.030082,0.013987,0.999403
-0.008760,-0.029444,0.013377,0.999439
-0.009026,-0.029101,0.013948,0.999438
-0.009217,-0.028057,0.014179,0.999463
-0.009429,-0.027206,0.014132,0.999485
-0.010089,-0.026737,0.014251,0.999490
-0.010258,-0.025546,0.014041,0.999522
-0.010830,-0.024854,0.013359,0.999543
-0.010856,-0.024344,0.014438,0.999540
-0.010403,-0.023431,0.012743,0.999590
-0.010275,-0.022051,0.015368,0.999586
-0.010121,-0.020562,0.013052,0.999652
-0.010329,-0.018691,0.014985,0.999660
-0.010738,-0.017600,0.013171,0.999701
-0.010939,-0.016422,0.013974,0.999708
-0.011258,-0.016212,0.012646,0.999725
-0.010918,-0.015349,0.012857,0.999740
-0.010533,-0.014795,0.012698,0.999754
-0.009928,-0.014267,0.013013,0.999764
-0.010486,-0.013855,0.012767,0.999768
-0.011322,-0.013282,0.012639,0.999768
-0.012285,-0.013121,0.012843,0.999756
-0.012579,-0.012626,0.012125,0.999768
-0.011494,-0.011998,0.013535,0.999770
-0.010869,-0.011209,0.014163,0.999778
-0.009793,-0.010444,0.014577,0.999791
-0.010135,-0.010380,0.012690,0.999814
-0.010275,-0.009926,0.012829,0.999816
-0.010887,-0.008756,0.012693,0.999822
-0.010899,-0.007462,0.013291,0.999824
-0.011040,-0.006752,0.012982,0.999832
-0.010442,-0.005772,0.012091,0.999856
-0.011234,-0.005129,0.011873,0.999853
-0.011145,-0.004607,0.010498,0.999872
-0.011927,-0.003625,0.011577,0.999855
-0.011866,-0.003213,0.011266,0.999861
-0.011980,-0.002819,0.011723,0.999856
-0.012189,-0.002575,0.011459,0.999857
-0.012120,-0.002059,0.010824,0.999866
-0.011278,-0.001290,0.010131,0.999884
-0.008416,-0.000628,0.009448,0.999920
-0.006193,-0.000115,0.008781,0.999942
-0.006204,-0.000167,0.008202,0.999947
-0.007466,-0.000752,0.007550,0.999943
-0.004023,-0.000544,0.006955,0.999968
-0.000010,-0.000356,0.005469,0.999985
0.006056,0.000994,0.002426,0.999978
0.006408,-0.001135,-0.002366,0.999976
0.011021,-0.000940,-0.003712,0.999932
0.015391,-0.000441,-0.001489,0.999880
0.025613,-0.000896,0.002044,0.999669
0.031883,-0.002666,0.004568,0.999478
0.035496,-0.003674,0.004109,0.999355
0.036744,-0.003675,0.003568,0.999312
0.039261,-0.004120,0.002923,0.999216
0.046573,-0.005044,0.002046,0.998900
0.057438,-0.004554,0.003634,0.998332
0.069040,-0.003284,0.003626,0.997602
0.080003,-0.001500,0.003383,0.996788
0.088114,0.003263,0.001881,0.996103
0.096457,0.005512,0.002533,0.995319
0.105506,0.007608,0.002416,0.994387
0.115588,0.009600,0.001384,0.993250
0.129659,0.010968,-0.000789,0.991498
0.142332,0.011416,-0.002049,0.989751
0.152506,0.011114,-0.002542,0.988237
0.160880,0.009125,-0.003258,0.986926
0.172121,0.007752,-0.001854,0.985044
0.181775,0.003966,-0.000603,0.983332
0.194125,0.000772,0.001134,0.980976
0.206574,-0.002000,0.001659,0.978428
0.220241,-0.003440,0.001673,0.975438
0.231809,-0.004764,0.001454,0.972749
0.241472,-0.006130,0.001302,0.970387
0.254482,-0.009283,0.002176,0.967031
0.266931,-0.012953,0.003366,0.963623
0.279602,-0.016429,0.004783,0.959964
0.292333,-0.014761,0.004707,0.956191
0.305527,-0.013639,0.005336,0.952071
0.318374,-0.014430,0.005618,0.947839
0.331471,-0.016239,0.005839,0.943308
0.344880,-0.019711,0.006815,0.938415
0.357503,-0.020491,0.007568,0.933657
0.369367,-0.021095,0.008779,0.929003
0.381436,-0.019149,0.008608,0.924157
0.395622,-0.018384,0.007366,0.918200
0.408036,-0.017789,0.007136,0.912765
0.418845,-0.017218,0.007502,0.907864
0.428745,-0.015345,0.008293,0.903257
0.443036,-0.015568,0.009066,0.896323
0.458771,-0.014405,0.008909,0.888393
0.474017,-0.012890,0.008651,0.880379
0.486356,-0.013367,0.009128,0.873611
0.499050,-0.011526,0.009361,0.866446
0.511687,-0.004057,0.006379,0.859139
0.527688,-0.000166,0.006778,0.849411
0.540110,0.001531,0.006794,0.841566
0.551023,0.002899,0.005272,0.834468
0.558805,0.003417,0.004532,0.829279
0.566574,0.003502,0.004171,0.823993
0.575501,0.005177,0.004842,0.817770
0.583912,0.013367,-0.001653,0.811705
0.592587,0.014443,-0.001975,0.805374
0.599398,0.014714,-0.002383,0.800312
0.607983,0.015692,-0.002126,0.793792
0.614973,0.016288,-0.002820,0.788375
0.622770,0.016849,-0.003168,0.782217
0.630379,0.019774,-0.005665,0.776015
0.639948,0.022492,-0.007093,0.768056
0.647762,0.023530,-0.009000,0.761426
0.651652,0.024249,-0.010479,0.758058
0.652301,0.025187,-0.011880,0.757449
0.655037,0.026898,-0.010823,0.755040
0.658036,0.027340,-0.010990,0.752409
0.658092,0.028382,-0.012901,0.752291
0.655004,0.027463,-0.014110,0.754994
0.653781,0.029048,-0.016062,0.755955
0.656396,0.029323,-0.015956,0.753678
0.657282,0.029472,-0.016206,0.752894
0.656634,0.029686,-0.016518,0.753444
0.654656,0.029938,-0.016672,0.755150
0.652215,0.030347,-0.016724,0.757242
0.651610,0.030378,-0.016782,0.757760
0.651470,0.030634,-0.016965,0.757866
0.652104,0.030586,-0.017889,0.757301
0.651358,0.031323,-0.017735,0.757917
0.651391,0.031436,-0.017858,0.757880
0.651731,0.032050,-0.016837,0.757586
0.652519,0.031085,-0.017743,0.756927
0.653325,0.031589,-0.017455,0.756217
0.653184,0.031197,-0.018396,0.756333
0.652887,0.032337,-0.017800,0.756555
0.652103,0.031907,-0.018466,0.757233
0.651463,0.032588,-0.017897,0.757769
0.650904,0.032352,-0.018222,0.758252
0.650797,0.033192,-0.018372,0.758304
0.650483,0.032882,-0.018841,0.758575
0.650095,0.032464,-0.019224,0.758916
0.648784,0.033070,-0.018632,0.760026
0.648319,0.033076,-0.018682,0.760420
0.647522,0.033611,-0.017793,0.761097
0.647488,0.032724,-0.018418,0.761150
0.648255,0.032939,-0.018402,0.760488
0.648625,0.032940,-0.018829,0.760162
0.648680,0.033275,-0.018949,0.760097
0.647970,0.033018,-0.018652,0.760721
0.647139,0.032584,-0.018730,0.761445
0.647214,0.032898,-0.018712,0.761368
0.648653,0.033428,-0.018484,0.760125
0.650180,0.033376,-0.018580,0.758819
0.651124,0.033908,-0.018756,0.757981
0.650431,0.033932,-0.018852,0.758573
0.649422,0.034909,-0.018600,0.759399
0.648548,0.035232,-0.019258,0.760114
0.648440,0.035191,-0.019701,0.760196
0.648767,0.035275,-0.019782,0.759911
0.648620,0.035074,-0.020443,0.760029
0.647932,0.035259,-0.020357,0.760610
0.647986,0.034773,-0.020745,0.760575
0.648917,0.035240,-0.020277,0.759772
0.650208,0.035181,-0.020815,0.758656
0.652109,0.035419,-0.020679,0.757015
0.653286,0.034806,-0.020908,0.756022
0.653468,0.034881,-0.020885,0.755862
0.652886,0.034578,-0.021297,0.756367
0.652413,0.035443,-0.021572,0.756727
0.652671,0.035867,-0.021576,0.756484
0.652711,0.036313,-0.021675,0.756426
0.653804,0.036419,-0.022263,0.755459
0.654235,0.036889,-0.022389,0.755060
0.654878,0.036846,-0.022801,0.754491
0.654569,0.036976,-0.023252,0.754739
0.654775,0.036439,-0.023993,0.754563
0.654067,0.036373,-0.024597,0.755161
0.654432,0.036961,-0.024578,0.754817
0.654650,0.036967,-0.025120,0.754610
0.655967,0.037976,-0.024288,0.753442
0.656870,0.038039,-0.024906,0.752632
0.657521,0.039134,-0.024110,0.752033
0.657405,0.038135,-0.025128,0.752152
0.657439,0.039053,-0.024962,0.752081
0.657376,0.038273,-0.025872,0.752145
0.658816,0.039000,-0.025384,0.750863
0.658489,0.038123,-0.025853,0.751180
0.658474,0.039014,-0.026000,0.751142
0.657207,0.038655,-0.026534,0.752250
0.658020,0.039380,-0.026295,0.751510
0.658472,0.039151,-0.026811,0.751108
0.659150,0.039446,-0.026447,0.750510
0.659235,0.039293,-0.026612,0.750438
0.659230,0.039811,-0.026365,0.750424
0.659284,0.040047,-0.026602,0.750356
0.659942,0.039868,-0.026360,0.749795
0.660021,0.039724,-0.026851,0.749715
0.659838,0.039831,-0.026896,0.749870
0.658340,0.039663,-0.027166,0.751184
0.657468,0.040145,-0.027150,0.751922
0.656469,0.040351,-0.027127,0.752784
0.655461,0.040814,-0.026834,0.753648
0.654754,0.041058,-0.027079,0.754240
0.653486,0.041795,-0.026571,0.755317
0.652438,0.041514,-0.026902,0.756226
0.651395,0.041366,-0.026629,0.757142
0.650917,0.040907,-0.027403,0.757551
0.650477,0.041787,-0.026573,0.757910
0.650370,0.041310,-0.026862,0.758018
0.649425,0.041791,-0.026453,0.758815
0.648248,0.040664,-0.027523,0.759844
0.647648,0.041591,-0.026509,0.760342
0.648858,0.040941,-0.027203,0.759320
0.650511,0.041599,-0.026428,0.757896
0.650835,0.041010,-0.026965,0.757631
0.650615,0.042020,-0.026934,0.757766
0.650189,0.041786,-0.027403,0.758127
0.650644,0.041691,-0.027444,0.757740
0.650908,0.041269,-0.028320,0.757505
0.651039,0.041815,-0.028520,0.757355
0.651589,0.042009,-0.028628,0.756867
0.651975,0.042700,-0.028251,0.756509
0.652342,0.043243,-0.028305,0.756160
0.652967,0.043300,-0.028933,0.755594
0.653690,0.043004,-0.029530,0.754963
0.654104,0.042330,-0.030537,0.754601
0.654192,0.043011,-0.030011,0.754508
0.654377,0.043036,-0.030315,0.754334
0.654985,0.043975,-0.029787,0.753773
0.654658,0.043378,-0.030507,0.754063
0.654838,0.044463,-0.029539,0.753882
0.654111,0.043490,-0.030680,0.754524
0.653796,0.044469,-0.029661,0.754780
0.653470,0.043411,-0.030525,0.755090
0.653547,0.044326,-0.029739,0.755001
0.654665,0.043627,-0.030703,0.754035
0.655013,0.043956,-0.029560,0.753758
0.655471,0.043287,-0.029533,0.753401
0.654662,0.043412,-0.029597,0.754093
0.654668,0.043244,-0.030091,0.754078
0.654746,0.043351,-0.030434,0.753991
0.655514,0.043441,-0.030443,0.753318
0.655424,0.042867,-0.031201,0.753398
0.655339,0.043506,-0.030356,0.753469
0.655598,0.043745,-0.030694,0.753217
0.656312,0.044324,-0.030844,0.752555
0.657083,0.044064,-0.031230,0.751881
0.657358,0.044064,-0.031026,0.751649
0.658009,0.043979,-0.030911,0.751089
0.659220,0.043376,-0.031768,0.750026
0.659424,0.042774,-0.032089,0.749867
0.658831,0.042992,-0.032160,0.750372
0.657272,0.043086,-0.031745,0.751751
0.656982,0.042995,-0.032022,0.751998
0.657173,0.043402,-0.032452,0.751789
0.657564,0.043962,-0.032401,0.751417
0.658681,0.044150,-0.032417,0.750426
0.659584,0.044763,-0.032081,0.749610
0.660434,0.044706,-0.031834,0.748875
0.660082,0.045099,-0.031041,0.749196
0.659311,0.044452,-0.031842,0.749879
0.658925,0.044473,-0.031724,0.750222
0.658337,0.044174,-0.032381,0.750728
0.658596,0.044756,-0.032410,0.750465
0.658670,0.044743,-0.032437,0.750399
0.658477,0.045021,-0.032471,0.750551
0.658220,0.045358,-0.032402,0.750759
0.657482,0.044846,-0.033003,0.751410
0.657094,0.045247,-0.033117,0.751720
0.656991,0.045357,-0.033535,0.751786
0.657525,0.045825,-0.033365,0.751298
0.657405,0.045818,-0.033706,0.751388
0.656727,0.046089,-0.033778,0.751961
0.655990,0.046090,-0.033266,0.752627
0.655747,0.046846,-0.033132,0.752797
0.655420,0.046811,-0.033338,0.753075
0.655995,0.046819,-0.033500,0.752566
0.656090,0.046885,-0.033605,0.752475
0.656652,0.047074,-0.033849,0.751962
0.655915,0.046684,-0.033979,0.752623
0.655802,0.046585,-0.034368,0.752710
0.655927,0.046955,-0.034038,0.752593
0.656152,0.047309,-0.033930,0.752380
0.655389,0.047444,-0.034079,0.753029
0.654785,0.047302,-0.034346,0.753551
0.654896,0.047317,-0.035063,0.753421
0.655240,0.048363,-0.033929,0.753107
0.655324,0.047878,-0.033888,0.753067
0.654950,0.048309,-0.032926,0.753407
0.654551,0.047305,-0.034087,0.753766
0.655338,0.047348,-0.033938,0.753086
0.656177,0.047139,-0.034444,0.752345
0.656762,0.047645,-0.034109,0.751818
0.656622,0.047918,-0.034068,0.751925
0.656112,0.047830,-0.034060,0.752376
0.656373,0.047606,-0.034359,0.752148
0.657329,0.047286,-0.035438,0.751283
0.658142,0.047509,-0.035444,0.750557
0.658713,0.047564,-0.035687,0.750041
0.658135,0.048723,-0.034625,0.750523
0.658011,0.048354,-0.035002,0.750639
0.657760,0.048681,-0.034738,0.750850
0.658307,0.048117,-0.035219,0.750384
0.659902,0.049026,-0.035010,0.748933
0.660245,0.048922,-0.034970,0.748639
0.660261,0.048810,-0.035296,0.748617
0.659146,0.048347,-0.035778,0.749606
0.659232,0.048781,-0.035705,0.749506
0.659070,0.048900,-0.035822,0.749635
0.658730,0.049077,-0.035752,0.749926
0.657821,0.048620,-0.036380,0.750722
0.656794,0.048615,-0.036225,0.751629
0.655789,0.048919,-0.036528,0.752471
0.654505,0.049109,-0.036155,0.753594
0.653507,0.049432,-0.035585,0.754466
0.652984,0.049601,-0.035589,0.754907
0.652920,0.049760,-0.036082,0.754928
0.653995,0.049531,-0.036468,0.753994
0.653816,0.049507,-0.036373,0.754155
0.653658,0.049580,-0.036529,0.754280
0.651174,0.049011,-0.035887,0.756493
0.648715,0.048820,-0.035354,0.758640
0.645917,0.049119,-0.034315,0.761052
0.644155,0.049274,-0.033707,0.762561
0.643267,0.048999,-0.034026,0.763315
0.642497,0.048991,-0.034327,0.763950
0.641541,0.048731,-0.034489,0.764762
0.639664,0.048768,-0.034242,0.766341
0.637378,0.048139,-0.034548,0.768270
0.633736,0.048125,-0.033744,0.771313
0.631046,0.047865,-0.033340,0.773549
0.626984,0.047835,-0.031888,0.776908
0.623447,0.046877,-0.032054,0.779800
0.618493,0.047071,-0.030907,0.783770
0.614211,0.046397,-0.031286,0.787156
0.608736,0.046161,-0.030001,0.791460
0.603209,0.044775,-0.030347,0.795747
0.596019,0.044532,-0.029386,0.801196
0.590504,0.043731,-0.029059,0.805325
0.584016,0.043340,-0.027537,0.810117
0.577699,0.042568,-0.027112,0.814688
0.570116,0.041881,-0.026585,0.820065
0.562081,0.040865,-0.026536,0.825646
0.553915,0.039920,-0.025890,0.831213
0.546134,0.037517,-0.024485,0.836499
0.537745,0.036682,-0.024251,0.841960
0.530457,0.035809,-0.023114,0.846640
0.522747,0.035035,-0.022032,0.851483
0.515270,0.034879,-0.020731,0.856067
0.507481,0.033960,-0.020768,0.860743
0.498941,0.032246,-0.019013,0.865827
0.489665,0.031160,-0.018288,0.871161
0.479384,0.031268,-0.017841,0.876867
0.469330,0.030739,-0.017735,0.882310
0.459442,0.029826,-0.017496,0.887534
0.449116,0.028699,-0.016447,0.892861
0.439755,0.028736,-0.015601,0.897522
0.425617,0.029470,-0.015688,0.904287
0.411235,0.025614,-0.014153,0.911059
0.391587,0.020398,-0.012306,0.919833
0.376667,0.017949,-0.010943,0.926110
0.362853,0.017032,-0.010094,0.931636
0.350001,0.016404,-0.008545,0.936567
0.332463,0.018242,-0.009146,0.942896
0.316576,0.019073,-0.008266,0.948339
0.299756,0.019601,-0.008620,0.953775
0.285692,0.017876,-0.007552,0.958125
0.270763,0.014787,-0.007116,0.962506
0.257626,0.014771,-0.006493,0.966110
0.250630,0.015577,-0.006638,0.967935
0.237346,0.012095,-0.004725,0.971338
0.228347,0.011121,-0.004397,0.973506
0.216179,0.011981,-0.003777,0.976273
0.210573,0.012166,-0.003862,0.977495
0.200138,0.009387,-0.003143,0.979718
0.192169,0.008616,-0.003604,0.981317
0.183035,0.010059,-0.003441,0.983049
0.175677,0.011101,-0.002965,0.984381
0.166749,0.009819,-0.002654,0.985947
0.160258,0.007679,-0.001632,0.987044
0.154720,0.007424,-0.001703,0.987929
0.147829,0.008019,-0.001434,0.988979
0.138775,0.007716,-0.001368,0.990293
0.125087,0.005379,-0.000638,0.992131
0.115229,0.006041,-0.000805,0.993320
0.103703,0.008335,-0.001152,0.994573
0.096700,0.009545,-0.000238,0.995268
0.086271,0.009318,0.000584,0.996228
0.076825,0.010567,0.000854,0.996988
0.064781,0.011770,0.000098,0.997830
0.054464,0.013193,0.000349,0.998429
0.045450,0.014372,0.002777,0.998859
0.038507,0.015322,0.003782,0.999134
0.031481,0.020980,0.004500,0.999274
0.023638,0.021213,0.002133,0.999493
0.016766,0.019985,0.000629,0.999659
0.009671,0.018468,-0.001550,0.999781
0.005579,0.022193,-0.001856,0.999736
0.003495,0.025296,-0.001230,0.999673
0.000028,0.026968,0.000078,0.999636
-0.003823,0.025871,0.001953,0.999656
-0.006154,0.024898,0.002947,0.999667
-0.008484,0.024417,0.005016,0.999653
-0.008966,0.024179,0.004872,0.999656
-0.011043,0.023711,0.005956,0.999640
-0.012260,0.023295,0.005458,0.999639
-0.012806,0.023662,0.006709,0.999615
-0.012753,0.023816,0.005854,0.999618
-0.012149,0.024526,0.006411,0.999605
-0.012399,0.024395,0.004626,0.999615
-0.012647,0.024396,0.005429,0.999608
-0.012978,0.024542,0.004906,0.999603
-0.013783,0.024762,0.006982,0.999574
-0.014264,0.024676,0.006219,0.999574
-0.014137,0.024920,0.007218,0.999563
-0.014071,0.024744,0.007958,0.999563
-0.014670,0.024749,0.006857,0.999563
-0.014621,0.024511,0.007741,0.999563
-0.014675,0.024387,0.006307,0.999575
-0.014382,0.024434,0.008521,0.999562
-0.014856,0.024163,0.007657,0.999568
-0.014314,0.024186,0.008097,0.999572
-0.014325,0.024065,0.008926,0.999568
-0.014444,0.023904,0.006998,0.999585
-0.014237,0.024076,0.008053,0.999576
-0.014406,0.024395,0.005965,0.999581
-0.014210,0.024316,0.010026,0.999553
-0.014644,0.024300,0.006035,0.999579
-0.014096,0.024247,0.007183,0.999581
-0.013592,0.024202,0.008411,0.999579
-0.014068,0.024263,0.006965,0.999582
-0.013942,0.024288,0.011046,0.999547
-0.014218,0.024203,0.007268,0.999580
-0.014074,0.023864,0.009427,0.999572
-0.013712,0.024209,0.006372,0.999593
-0.014277,0.024364,0.007626,0.999572
-0.014690,0.024500,0.007960,0.999560
-0.015775,0.024037,0.007274,0.999560
-0.014469,0.023316,0.005980,0.999606
-0.014530,0.023401,0.010940,0.999561
-0.014374,0.023775,0.008344,0.999579
-0.015791,0.023119,0.007020,0.999583
-0.015150,0.022402,0.003702,0.999627
-0.014899,0.022319,0.005822,0.999623
-0.014785,0.022903,0.009193,0.999586
-0.015362,0.022714,0.008239,0.999590
-0.015262,0.022532,0.008019,0.999597
-0.014991,0.022561,0.006998,0.999609
-0.014627,0.022837,0.007724,0.999602
-0.014745,0.022869,0.008462,0.999594
-0.014597,0.022699,0.008638,0.999598
-0.014297,0.022921,0.007648,0.999606
-0.013768,0.022790,0.007622,0.999616
-0.013275,0.022663,0.007536,0.999627
-0.014286,0.023129,0.012506,0.999552
-0.015350,0.023308,0.012456,0.999533
-0.015291,0.023249,0.012737,0.999532
-0.014745,0.022595,0.009126,0.999594
-0.013230,0.022601,0.007882,0.999626
-0.013245,0.022473,0.006807,0.999637
-0.013142,0.022501,0.007270,0.999634
-0.013742,0.022926,0.008004,0.999611
-0.013268,0.023506,0.010111,0.999585
-0.014234,0.023037,0.003293,0.999628
-0.012934,0.023808,0.004960,0.999621
-0.012972,0.025120,0.003863,0.999593
-0.013302,0.025929,0.008473,0.999539
-0.013883,0.025862,0.007593,0.999540
-0.013935,0.029796,0.006177,0.999440
-0.010956,0.033073,0.004997,0.999380
-0.011850,0.035663,0.003924,0.999286
-0.011297,0.038112,0.003689,0.999203
-0.011444,0.041672,0.003696,0.999059
-0.009133,0.045948,0.004150,0.998893
-0.010004,0.053713,0.002976,0.998502
-0.012530,0.061952,0.003603,0.997994
-0.014523,0.071891,0.003387,0.997301
-0.017785,0.083135,0.003862,0.996372
-0.016578,0.094838,0.000898,0.995354
-0.017592,0.109212,0.000543,0.993863
-0.016448,0.122412,-0.000644,0.992343
-0.018601,0.135486,0.000774,0.990604
-0.019706,0.147586,-0.001300,0.988852
-0.020170,0.159869,-0.000176,0.986932
-0.021670,0.172478,-0.001296,0.984774
-0.024238,0.185655,-0.000285,0.982316
-0.026623,0.202277,-0.001676,0.978965
-0.027817,0.219300,-0.004235,0.975252
-0.025034,0.237531,-0.005820,0.971040
-0.026225,0.251384,-0.007633,0.967502
-0.025899,0.268148,-0.011137,0.962965
-0.028290,0.284771,-0.012193,0.958100
-0.026369,0.303051,-0.013616,0.952512
-0.029812,0.316890,-0.010766,0.947933
-0.030478,0.333620,-0.011824,0.942141
-0.033284,0.352450,-0.014973,0.935119
-0.033618,0.367338,-0.015497,0.929351
-0.037154,0.382128,-0.016282,0.923219
-0.039759,0.395117,-0.014632,0.917653
-0.037096,0.411413,-0.020119,0.910471
-0.032885,0.429033,-0.025050,0.902342
-0.033134,0.444797,-0.025939,0.894643
-0.038213,0.460784,-0.020680,0.886448
-0.042247,0.477794,-0.019481,0.877239
-0.042298,0.493246,-0.019877,0.868633
-0.043569,0.506510,-0.025964,0.860741
-0.045484,0.520700,-0.024662,0.852171
-0.047454,0.535563,-0.025882,0.842764
-0.048951,0.550210,-0.022195,0.833295
-0.051821,0.563808,-0.023887,0.823932
-0.052702,0.576144,-0.026971,0.815202
-0.053240,0.590230,-0.030408,0.804903
-0.054368,0.606568,-0.029400,0.792625
-0.057234,0.621111,-0.028909,0.781095
-0.059795,0.635471,-0.029330,0.769247
-0.060237,0.649422,-0.032906,0.757325
-0.060425,0.660933,-0.033538,0.747256
-0.060357,0.669910,-0.036512,0.739083
-0.060616,0.678830,-0.038440,0.730779
-0.060761,0.689243,-0.040481,0.720843
-0.060885,0.700896,-0.040830,0.709486
-0.063517,0.712208,-0.039249,0.697987
-0.063581,0.720888,-0.036619,0.689156
-0.061267,0.731666,-0.034905,0.678007
-0.061995,0.740298,-0.035079,0.668495
-0.063597,0.745409,-0.036158,0.662581
-0.068397,0.750577,-0.036717,0.656207
-0.068070,0.753639,-0.037179,0.652696
-0.067526,0.755850,-0.035835,0.650267
-0.065497,0.756089,-0.036491,0.650160
-0.064530,0.756330,-0.034718,0.650073
-0.063843,0.756115,-0.036770,0.650279
-0.064349,0.754929,-0.037111,0.651586
-0.064746,0.752987,-0.039086,0.653674
-0.064791,0.752316,-0.039420,0.654423
-0.065779,0.752503,-0.038967,0.654136
-0.066466,0.753193,-0.039392,0.653247
-0.067218,0.753078,-0.039095,0.653320
-0.066043,0.753068,-0.041262,0.653317
-0.065849,0.753408,-0.040637,0.652984
-0.064362,0.755071,-0.041228,0.651172
-0.065128,0.755266,-0.039783,0.650960
-0.064224,0.754670,-0.039622,0.651750
-0.065749,0.754614,-0.038120,0.651753
-0.065262,0.754900,-0.036936,0.651538
-0.065972,0.754858,-0.036355,0.651548
-0.065758,0.756133,-0.037160,0.650044
-0.064712,0.756915,-0.037753,0.649204
-0.064534,0.756891,-0.036400,0.649328
-0.063269,0.755636,-0.034003,0.651041
-0.064108,0.755499,-0.031631,0.651238
-0.063777,0.756314,-0.032879,0.650262
-0.065574,0.758113,-0.033191,0.647969
-0.065639,0.759501,-0.035443,0.646215
-0.065818,0.759493,-0.033666,0.646301
-0.064250,0.759509,-0.033733,0.646436
-0.064878,0.760529,-0.032246,0.645249
-0.064010,0.760676,-0.034058,0.645070
-0.064984,0.761256,-0.034652,0.644256
-0.065494,0.761130,-0.036972,0.644225
-0.066514,0.761157,-0.036697,0.644103
-0.066278,0.761021,-0.037499,0.644242
-0.065966,0.760997,-0.037502,0.644302
-0.066037,0.761011,-0.038694,0.644208
-0.066768,0.761015,-0.038166,0.644160
-0.067088,0.760859,-0.037917,0.644325
-0.066741,0.760069,-0.037930,0.645292
-0.066805,0.759432,-0.038372,0.646009
-0.066336,0.759294,-0.038796,0.646194
-0.066481,0.759310,-0.038681,0.646167
-0.066088,0.759035,-0.039394,0.646488
-0.066559,0.758313,-0.040228,0.647235
-0.066898,0.758065,-0.041492,0.647411
-0.066798,0.757847,-0.041157,0.647697
-0.066800,0.757937,-0.038434,0.647759
-0.066520,0.756944,-0.036559,0.649057
-0.065357,0.756968,-0.037526,0.649091
-0.064780,0.757073,-0.038720,0.648957
-0.064151,0.756899,-0.038214,0.649252
-0.065283,0.756741,-0.036619,0.649415
-0.065381,0.756476,-0.037258,0.649677
-0.066200,0.756450,-0.037445,0.649614
-0.066048,0.756272,-0.039815,0.649696
-0.065459,0.755590,-0.040614,0.650499
-0.065843,0.755734,-0.040945,0.650273
-0.066613,0.755913,-0.038801,0.650117
-0.065142,0.754757,-0.042112,0.651402
-0.063348,0.754339,-0.042134,0.652061
-0.063064,0.754021,-0.043246,0.652384
-0.064633,0.754334,-0.041291,0.651996
-0.063553,0.755164,-0.044815,0.650907
-0.062733,0.757616,-0.045481,0.648084
-0.063629,0.758768,-0.043858,0.646760
-0.064924,0.758754,-0.041411,0.646809
-0.066366,0.758757,-0.040641,0.646709
-0.065488,0.758854,-0.040917,0.646667
-0.066326,0.757502,-0.039643,0.648244
-0.064649,0.754688,-0.040180,0.651653
-0.066395,0.750839,-0.039057,0.655978
-0.065200,0.747152,-0.037538,0.660382
-0.063567,0.742511,-0.036090,0.665833
-0.061069,0.737210,-0.037728,0.671840
-0.060928,0.731161,-0.038207,0.678404
-0.061979,0.724291,-0.038988,0.685595
-0.060893,0.718278,-0.040174,0.691921
-0.059677,0.712953,-0.041249,0.697449
-0.059879,0.706033,-0.040323,0.704490
-0.060801,0.699689,-0.037607,0.710862
-0.061242,0.694206,-0.036255,0.716250
-0.059664,0.688528,-0.037627,0.721771
-0.059412,0.683395,-0.036704,0.726701
-0.057506,0.678810,-0.038011,0.731071
-0.057039,0.673456,-0.036977,0.736096
-0.056749,0.666694,-0.039840,0.742099
-0.057399,0.659408,-0.039374,0.748556
-0.057424,0.652392,-0.038872,0.754702
-0.057518,0.645686,-0.036735,0.760547
-0.057255,0.637196,-0.037060,0.767678
-0.057573,0.627440,-0.035981,0.775699
-0.055565,0.620075,-0.035895,0.781749
-0.055212,0.609371,-0.033449,0.790253
-0.053503,0.596348,-0.032826,0.800268
-0.053687,0.584008,-0.030795,0.809385
-0.053330,0.574841,-0.032793,0.815867
-0.052784,0.565968,-0.029395,0.822211
-0.050104,0.559641,-0.028809,0.826717
-0.048244,0.551952,-0.028803,0.831981
-0.046012,0.541300,-0.032063,0.838958
-0.047983,0.527779,-0.030183,0.847488
-0.046610,0.514358,-0.027504,0.855866
-0.044814,0.504779,-0.025917,0.861695
-0.042193,0.496778,-0.027206,0.866424
-0.041357,0.489565,-0.025340,0.870617
-0.039859,0.479293,-0.026617,0.876345
-0.037977,0.468784,-0.026670,0.882093
-0.035909,0.460201,-0.027883,0.886650
-0.035052,0.451251,-0.026640,0.891310
-0.034912,0.439535,-0.025124,0.897195
-0.036029,0.432408,-0.025162,0.900606
-0.032674,0.424849,-0.026137,0.904297
-0.030451,0.414628,-0.028388,0.909038
-0.028488,0.402843,-0.028371,0.914386
-0.030791,0.392833,-0.025098,0.918751
-0.033431,0.381525,-0.021848,0.923495
-0.033473,0.369947,-0.020034,0.928233
-0.039937,0.356795,-0.020855,0.933096
-0.036538,0.343558,-0.019234,0.938223
-0.035032,0.329912,-0.017488,0.943199
-0.028053,0.316483,-0.016695,0.948036
-0.025749,0.302720,-0.016682,0.952586
-0.025616,0.290129,-0.016046,0.956510
-0.030318,0.277873,-0.012303,0.960061
-0.027347,0.266072,-0.012930,0.963478
-0.021818,0.265197,-0.013169,0.963857
-0.014084,0.261376,-0.015954,0.965002
-0.001723,0.257103,-0.016161,0.966247
-0.000059,0.253831,-0.015827,0.967119
0.002345,0.239051,-0.014745,0.970892
-0.005726,0.233619,-0.012786,0.972227
-0.006614,0.225354,-0.014496,0.974147
-0.003715,0.216640,-0.012981,0.976158
-0.004346,0.207221,-0.013537,0.978191
-0.004346,0.198526,-0.010763,0.980027
-0.005916,0.190711,-0.010806,0.981569
-0.007325,0.182980,-0.008939,0.983049
-0.006494,0.178747,-0.009743,0.983825
-0.007177,0.171146,-0.010326,0.985165
-0.010201,0.166519,0.004502,0.985975
-0.012531,0.157968,0.014278,0.987261
-0.017228,0.144106,0.021508,0.989178
-0.016512,0.136485,0.010690,0.990447
-0.015165,0.132412,0.001214,0.991078
-0.014065,0.123944,-0.003437,0.992184
-0.012138,0.117558,-0.002546,0.992989
-0.011104,0.111657,-0.006286,0.993665
-0.010436,0.108152,-0.004329,0.994070
-0.011095,0.104167,-0.004673,0.994487
-0.013477,0.100181,0.001200,0.994877
-0.013405,0.094013,0.001453,0.995480
-0.013315,0.087340,0.002900,0.996085
-0.012904,0.079462,0.003281,0.996749
-0.013203,0.071159,0.005388,0.997363
-0.014560,0.069095,0.005995,0.997486
-0.014976,0.067164,0.007326,0.997603
-0.018094,0.064158,0.011180,0.997713
-0.017218,0.058355,0.012596,0.998068
-0.018419,0.057514,0.008666,0.998137
-0.016257,0.057054,0.004808,0.998227
-0.016600,0.056857,0.004533,0.998234
-0.016069,0.057223,0.007962,0.998200
-0.017130,0.057332,0.005737,0.998192
-0.017701,0.057224,0.007233,0.998178
-0.017434,0.057636,0.005525,0.998170
-0.019389,0.057659,0.006995,0.998124
-0.018996,0.057854,0.008481,0.998108
-0.019644,0.058073,0.009066,0.998078
-0.017473,0.057701,0.007653,0.998152
-0.017919,0.057470,0.006542,0.998165
-0.017691,0.057266,0.005262,0.998188
-0.017212,0.057855,0.007865,0.998146
-0.017302,0.057015,0.004916,0.998211
-0.016050,0.057326,0.007221,0.998200
-0.015986,0.056692,0.004341,0.998254
-0.014736,0.057165,0.006213,0.998237
-0.014847,0.056807,0.005045,0.998262
-0.014939,0.057103,0.006134,0.998238
-0.015197,0.057069,0.004778,0.998243
-0.016436,0.056578,0.007747,0.998233
-0.017954,0.056581,0.006626,0.998215
-0.020398,0.055975,0.002489,0.998221
-0.020082,0.056101,0.004021,0.998215
-0.017203,0.056068,0.003964,0.998271
-0.014902,0.056534,0.006885,0.998266
-0.014620,0.056397,0.006417,0.998281
-0.015897,0.056583,0.006074,0.998253
-0.017107,0.056758,0.008015,0.998209
-0.017382,0.056437,0.004930,0.998243
-0.017059,0.057260,0.006493,0.998192
-0.016049,0.056767,0.005964,0.998241
-0.016509,0.056704,0.005556,0.998239
-0.016688,0.056238,0.006426,0.998257
-0.016545,0.055787,0.005776,0.998289
-0.016220,0.055699,0.007015,0.998291
-0.015668,0.055584,0.005953,0.998313
-0.015227,0.055901,0.006925,0.998296
-0.014418,0.056021,0.006324,0.998305
-0.015184,0.056185,0.006780,0.998282
-0.016651,0.055862,0.005960,0.998282
-0.017904,0.055390,0.005618,0.998288
-0.017582,0.054801,0.007275,0.998316
-0.016756,0.055430,0.007152,0.998296
-0.015668,0.055565,0.007047,0.998307
-0.015443,0.055120,0.005057,0.998347
-0.017721,0.055047,0.004558,0.998316
-0.015032,0.055833,0.005380,0.998312
-0.013799,0.056558,0.004320,0.998295
-0.009587,0.057299,0.004373,0.998301
-0.011062,0.057654,0.002483,0.998272
-0.009686,0.057385,0.001158,0.998304
-0.009151,0.056544,-0.000204,0.998358
-0.008098,0.056515,0.000403,0.998369
-0.004317,0.056944,-0.000387,0.998368
-0.001527,0.055048,-0.000882,0.998482
0.003547,0.051523,-0.001791,0.998664
0.004209,0.046199,-0.000013,0.998923
0.006950,0.041176,0.000368,0.999128
0.014528,0.038441,-0.000726,0.999155
0.029609,0.038310,-0.002398,0.998824
0.043548,0.036248,-0.003123,0.998389
0.055450,0.032717,-0.001304,0.997924
0.065386,0.030333,0.000559,0.997399
0.075128,0.028973,0.001645,0.996752
0.082524,0.025610,0.004271,0.996251
0.089623,0.019446,0.006715,0.995763
0.102893,0.017013,0.008672,0.994509
0.115455,0.015375,0.006195,0.993174
0.126091,0.010721,0.005045,0.991948
0.131456,0.004846,0.006732,0.991287
0.137392,-0.000580,0.014260,0.990414
0.144705,-0.006626,0.020352,0.989243
0.154808,-0.011230,0.025812,0.987543
0.166930,-0.016156,0.028131,0.985435
0.179303,-0.021210,0.032034,0.983043
0.190593,-0.026397,0.033317,0.980748
0.202084,-0.036271,0.036831,0.978003
0.211745,-0.040640,0.039340,0.975687
0.222998,-0.047041,0.041234,0.972810
0.231180,-0.052410,0.039972,0.970676
0.232124,-0.059839,0.032360,0.970304
0.237706,-0.069066,0.028241,0.968467
0.248603,-0.075797,0.027351,0.965248
0.267588,-0.079319,0.028822,0.959830
0.279985,-0.083398,0.032226,0.955832
0.285877,-0.087767,0.030249,0.953759
0.293044,-0.096041,0.032251,0.950716
0.301319,-0.103664,0.034460,0.947245
0.313155,-0.108715,0.039891,0.942615
0.320569,-0.113797,0.043351,0.939365
0.329225,-0.120052,0.047102,0.935403
0.336041,-0.125623,0.047413,0.932227
0.345871,-0.130983,0.050890,0.927700
0.352854,-0.135605,0.055427,0.924139
0.357312,-0.140770,0.060825,0.921310
0.361158,-0.147018,0.064441,0.918585
0.367554,-0.152367,0.065368,0.915104
0.375647,-0.155926,0.068609,0.910971
0.381926,-0.161102,0.076877,0.906790
0.385932,-0.165632,0.082408,0.903787
0.391783,-0.170632,0.086721,0.899928
0.400771,-0.174365,0.088363,0.895082
0.411649,-0.178783,0.095104,0.888559
0.422509,-0.181858,0.104430,0.881765
0.429960,-0.187743,0.114562,0.875650
0.437777,-0.191156,0.123979,0.869736
0.447695,-0.195147,0.133924,0.862294
0.458424,-0.200002,0.146054,0.853531
0.466309,-0.203025,0.154755,0.846988
0.470795,-0.207076,0.160999,0.842348
0.475034,-0.208474,0.164497,0.838941
0.481152,-0.208164,0.167491,0.834930
0.487872,-0.209205,0.171986,0.829841
0.480604,-0.209610,0.178744,0.832547
0.494076,-0.213452,0.184411,0.822386
0.506071,-0.220227,0.189947,0.811980
0.519701,-0.222242,0.195211,0.801506
0.524094,-0.225881,0.201049,0.796167
0.529300,-0.228236,0.207830,0.790289
0.533823,-0.228954,0.213943,0.785392
0.536811,-0.227610,0.220072,0.782046
0.539123,-0.228732,0.227489,0.777996
0.543040,-0.228702,0.233112,0.773603
0.547072,-0.228975,0.233673,0.770506
0.552363,-0.229313,0.235179,0.766160
0.559357,-0.228406,0.235738,0.761168
0.567157,-0.231287,0.239224,0.753400
0.572230,-0.237169,0.242080,0.746794
0.575355,-0.242122,0.242441,0.742675
0.579440,-0.241635,0.242574,0.739608
0.582454,-0.239829,0.242732,0.737774
0.585423,-0.236061,0.245420,0.735747
0.587603,-0.234991,0.247177,0.733761
0.588486,-0.233816,0.249391,0.732679
0.589218,-0.233288,0.247055,0.733050
0.589457,-0.234076,0.247687,0.732393
0.588168,-0.239424,0.249840,0.730968
0.585735,-0.241851,0.248135,0.732702
0.585182,-0.242760,0.246208,0.733493
0.585049,-0.241473,0.243702,0.734859
0.585874,-0.239353,0.242671,0.735237
0.586639,-0.240120,0.242125,0.734557
0.587696,-0.240425,0.240190,0.734247
0.588711,-0.240707,0.239740,0.733488
0.588585,-0.241394,0.239501,0.733441
0.588607,-0.240752,0.237683,0.734225
0.587925,-0.242794,0.237046,0.734305
0.588316,-0.243899,0.235404,0.734155
0.588906,-0.242457,0.233582,0.734741
0.590265,-0.242210,0.233597,0.733726
0.589728,-0.243763,0.234817,0.733254
0.590511,-0.243789,0.233841,0.732927
0.589810,-0.244076,0.233462,0.733516
0.589421,-0.243549,0.232134,0.734425
0.588686,-0.243902,0.231579,0.735073
0.589203,-0.244069,0.231868,0.734512
0.589211,-0.244183,0.232566,0.734246
0.588247,-0.244485,0.231505,0.735253
0.588365,-0.243289,0.230996,0.735716
0.590098,-0.243503,0.230112,0.734533
0.591067,-0.244551,0.232441,0.732670
0.591685,-0.245181,0.231516,0.732254
0.591054,-0.244629,0.231130,0.733069
0.592034,-0.243158,0.230714,0.732899
0.591306,-0.243192,0.230797,0.733449
0.591533,-0.243149,0.230980,0.733223
0.589777,-0.243637,0.230360,0.734669
0.589413,-0.242934,0.230280,0.735218
0.588470,-0.241476,0.230062,0.736522
0.588577,-0.240036,0.228686,0.737335
0.589567,-0.240094,0.228854,0.736473
0.589918,-0.240906,0.228123,0.736153
0.590096,-0.241013,0.227793,0.736077
0.589196,-0.241360,0.226835,0.736980
0.588714,-0.240515,0.226300,0.737805
0.589192,-0.240079,0.226586,0.737478
0.589070,-0.241646,0.227017,0.736931
0.590265,-0.242330,0.225543,0.736202
0.590802,-0.243343,0.223679,0.736006
0.591208,-0.243752,0.222982,0.735757
0.591815,-0.242547,0.222206,0.735902
0.592557,-0.242050,0.222339,0.735427
0.592994,-0.241808,0.222372,0.735145
0.593934,-0.242550,0.222108,0.734221
0.595067,-0.244377,0.223408,0.732300
0.596775,-0.244238,0.223753,0.730850
0.598059,-0.243298,0.224698,0.729824
0.598699,-0.242850,0.224827,0.729408
0.599320,-0.243214,0.225251,0.728645
0.599329,-0.243372,0.225149,0.728617
0.600637,-0.242959,0.225196,0.727663
0.602417,-0.242044,0.225492,0.726404
0.602889,-0.242040,0.226362,0.725742
0.602024,-0.242097,0.226373,0.726438
0.601150,-0.241902,0.226650,0.727139
0.601164,-0.242350,0.226917,0.726895
0.600912,-0.242007,0.227433,0.727057
0.599565,-0.242930,0.226908,0.728025
0.599599,-0.242871,0.226519,0.728137
0.600788,-0.242857,0.225893,0.727356
0.601634,-0.242296,0.226843,0.726547
0.601868,-0.241969,0.227161,0.726364
0.602565,-0.241362,0.227834,0.725776
0.604645,-0.241165,0.228426,0.723924
0.606425,-0.240629,0.228603,0.722556
0.607797,-0.240624,0.229269,0.721193
0.608343,-0.240836,0.229062,0.720727
0.610120,-0.239851,0.230058,0.719235
0.610262,-0.239962,0.230089,0.719067
0.610225,-0.239694,0.229932,0.719238
0.607810,-0.241088,0.228836,0.721164
0.607172,-0.241302,0.228934,0.721598
0.606682,-0.241721,0.228284,0.722077
0.606710,-0.240741,0.228708,0.722246
0.605496,-0.242130,0.227575,0.723158
0.605798,-0.241637,0.228361,0.722822
0.605741,-0.242404,0.227063,0.723022
0.606649,-0.241565,0.227853,0.722292
0.606861,-0.242023,0.227566,0.722051
0.606835,-0.241442,0.228006,0.722129
0.607381,-0.240691,0.227998,0.721923
0.607245,-0.239792,0.228341,0.722229
0.607328,-0.240264,0.228368,0.721993
0.605895,-0.240832,0.228311,0.723025
0.604330,-0.241805,0.227456,0.724279
0.604308,-0.240617,0.228320,0.724421
0.604507,-0.240174,0.228435,0.724365
0.604868,-0.240162,0.228931,0.723911
0.605318,-0.240257,0.228343,0.723689
0.607290,-0.239800,0.228971,0.721988
0.609140,-0.239734,0.228975,0.720449
0.610375,-0.239101,0.229404,0.719477
0.610655,-0.238991,0.228910,0.719433
0.610260,-0.239058,0.228682,0.719819
0.609353,-0.239676,0.228551,0.720423
0.608519,-0.239727,0.228283,0.721195
0.608421,-0.239066,0.228596,0.721398
0.609464,-0.239023,0.228450,0.720578
0.610391,-0.239004,0.228429,0.719805
0.611873,-0.238180,0.228699,0.718734
0.613063,-0.238107,0.229367,0.717531
0.613331,-0.237789,0.229651,0.717316
0.612861,-0.238183,0.229616,0.717598
0.611067,-0.238656,0.229402,0.719037
0.610903,-0.238366,0.229316,0.719301
0.610790,-0.238315,0.228703,0.719609
0.610883,-0.238024,0.228652,0.719642
0.610803,-0.238076,0.228569,0.719720
0.610446,-0.237722,0.228614,0.720125
0.609583,-0.238067,0.228462,0.720790
0.608382,-0.238782,0.227632,0.721830
0.606749,-0.239165,0.227427,0.723141
0.606523,-0.239052,0.227514,0.723341
0.606515,-0.238561,0.227733,0.723440
0.607088,-0.238237,0.227831,0.723035
0.607369,-0.238346,0.227863,0.722753
0.607767,-0.238215,0.227799,0.722483
0.608289,-0.238051,0.227445,0.722208
0.609619,-0.236990,0.228081,0.721235
0.610652,-0.237699,0.227698,0.720248
0.611148,-0.237938,0.228430,0.719516
0.610226,-0.238988,0.227309,0.720305
0.609271,-0.238846,0.227626,0.721060
0.608868,-0.239854,0.226806,0.721325
0.609532,-0.239462,0.227561,0.720656
0.610755,-0.239673,0.227683,0.719511
0.611345,-0.238312,0.228907,0.719073
0.610446,-0.239252,0.227302,0.720033
0.609307,-0.239027,0.227518,0.721003
0.606879,-0.240944,0.225551,0.723029
0.605679,-0.240602,0.226064,0.723988
0.603828,-0.241892,0.224894,0.725468
0.604220,-0.241038,0.225578,0.725213
0.604352,-0.241901,0.224884,0.725031
0.605441,-0.240596,0.226362,0.724096
0.605710,-0.240966,0.225908,0.723890
0.606795,-0.239289,0.227159,0.723146
0.607594,-0.240056,0.227045,0.722256
0.609698,-0.238186,0.228957,0.720496
0.610683,-0.238181,0.229451,0.719506
0.611795,-0.237313,0.230458,0.718525
0.611347,-0.237963,0.229846,0.718888
0.611808,-0.237676,0.229482,0.718707
0.611527,-0.238299,0.228792,0.718959
0.612384,-0.237516,0.229168,0.718369
0.612613,-0.237805,0.228979,0.718138
0.612904,-0.236743,0.229195,0.718172
0.612408,-0.237013,0.229175,0.718513
0.612506,-0.236685,0.229378,0.718472
0.613194,-0.236622,0.229006,0.718024
0.613667,-0.237042,0.228780,0.717554
0.614091,-0.237001,0.228755,0.717213
0.613987,-0.236306,0.229311,0.717353
0.614076,-0.236080,0.228804,0.717513
0.614546,-0.235478,0.229278,0.717158
0.613782,-0.235685,0.228384,0.718028
0.612504,-0.235901,0.228527,0.719003
0.611024,-0.236559,0.228063,0.720192
0.611732,-0.235637,0.228339,0.719806
0.611403,-0.236119,0.227905,0.720065
0.610807,-0.236309,0.228317,0.720378
0.609379,-0.237499,0.227031,0.721601
0.609052,-0.236920,0.227648,0.721874
0.609943,-0.237070,0.227215,0.721208
0.611382,-0.235903,0.228578,0.719940
0.612703,-0.235996,0.228387,0.718846
0.613034,-0.236496,0.228304,0.718427
0.613400,-0.236809,0.227756,0.718185
0.614156,-0.235961,0.228021,0.717734
0.614157,-0.235970,0.228065,0.717715
0.612844,-0.235948,0.228064,0.718845
0.611207,-0.237036,0.226650,0.720326
0.609320,-0.237380,0.226299,0.721920
0.608432,-0.238245,0.225427,0.722656
0.608514,-0.237750,0.226098,0.722541
0.609842,-0.237531,0.226432,0.721388
0.610102,-0.237493,0.226375,0.721199
0.609925,-0.237502,0.226222,0.721393
0.609208,-0.238111,0.225400,0.722055
0.609369,-0.237304,0.225998,0.721998
0.609861,-0.237265,0.225820,0.721651
0.609709,-0.236078,0.227100,0.721767
0.609474,-0.236496,0.226110,0.722139
0.609108,-0.235393,0.226941,0.722548
0.608715,-0.236668,0.225308,0.722973
0.609058,-0.235679,0.226026,0.722784
0.609281,-0.236588,0.225098,0.722589
0.608292,-0.236162,0.225607,0.723402
0.606782,-0.237730,0.224090,0.724627
0.604911,-0.237876,0.223807,0.726229
0.603925,-0.238527,0.223349,0.726976
0.603964,-0.237338,0.223857,0.727177
0.604775,-0.237156,0.223449,0.726687
0.605632,-0.236078,0.224155,0.726107
0.606954,-0.236696,0.224055,0.724832
0.608957,-0.235833,0.224844,0.723187
0.611224,-0.235857,0.224885,0.721252
0.612223,-0.235253,0.225625,0.720370
0.611165,-0.235407,0.224866,0.721454
0.610072,-0.236182,0.224788,0.722150
0.608873,-0.236538,0.224255,0.723210
0.609181,-0.236199,0.224350,0.723032
0.609408,-0.236232,0.223865,0.722981
0.608590,-0.236908,0.223568,0.723540
0.608036,-0.237062,0.223623,0.723939
0.607137,-0.236822,0.223987,0.724659
0.606155,-0.236444,0.224201,0.725537
0.604249,-0.237393,0.223184,0.727129
0.602949,-0.237903,0.222927,0.728119
0.601850,-0.239147,0.221852,0.728950
0.601235,-0.239390,0.221374,0.729522
0.599615,-0.240292,0.221173,0.730619
0.599472,-0.239657,0.221339,0.730894
0.598407,-0.240368,0.220975,0.731644
0.597104,-0.240642,0.220709,0.732697
0.593390,-0.242135,0.219735,0.735511
0.589658,-0.243031,0.219829,0.738183
0.582210,-0.246507,0.216627,0.743868
0.575921,-0.248232,0.212265,0.749426
0.567681,-0.248008,0.204663,0.757855
0.562508,-0.245014,0.198870,0.764201
0.557541,-0.243098,0.194813,0.769480
0.553833,-0.244002,0.193694,0.772149
0.550238,-0.245538,0.192539,0.774518
0.546344,-0.245825,0.189698,0.777877
0.541670,-0.242992,0.185879,0.782941
0.534923,-0.241634,0.181450,0.789016
0.528274,-0.238415,0.176170,0.795644
0.520874,-0.238762,0.171251,0.801471
0.514204,-0.238864,0.167877,0.806446
0.507116,-0.237411,0.163121,0.812318
0.501960,-0.236066,0.160020,0.816519
0.496933,-0.236060,0.157937,0.819994
0.492339,-0.235818,0.156272,0.823147
0.489260,-0.234097,0.154635,0.825779
0.483223,-0.231857,0.151143,0.830598
0.476986,-0.229757,0.144972,0.835870
0.467155,-0.227735,0.138017,0.843122
0.457632,-0.221135,0.130060,0.851326
0.450018,-0.216644,0.124512,0.857348
0.440368,-0.210119,0.116984,0.865009
0.431030,-0.203687,0.110482,0.872077
0.419144,-0.198329,0.104459,0.879814
0.408023,-0.194901,0.101054,0.886182
0.398546,-0.192728,0.096432,0.891469
0.389761,-0.188792,0.091490,0.896702
0.380439,-0.187818,0.088338,0.901214
0.368052,-0.185562,0.083714,0.907247
0.353601,-0.180228,0.077108,0.914625
0.337985,-0.174955,0.069524,0.922130
0.326117,-0.169134,0.065658,0.927756
0.317975,-0.161759,0.062601,0.932098
0.309029,-0.150904,0.057060,0.937269
0.299115,-0.147018,0.053325,0.941314
0.287446,-0.146818,0.050547,0.945126
0.274690,-0.142046,0.046564,0.949842
0.259703,-0.137253,0.042390,0.954945
0.245530,-0.133507,0.039043,0.959357
0.229423,-0.126194,0.034432,0.964497
0.217713,-0.120483,0.031965,0.968020
0.205678,-0.115927,0.029111,0.971293
0.202070,-0.115294,0.028641,0.972139
0.199110,-0.115930,0.028102,0.972690
0.196676,-0.117716,0.029846,0.972919
0.187174,-0.116269,0.028694,0.975000
0.174502,-0.109365,0.026605,0.978203
0.160943,-0.103187,0.022552,0.981296
0.153675,-0.098118,0.021247,0.983008
0.146391,-0.091996,0.017670,0.984781
0.140327,-0.086735,0.017874,0.986137
0.130623,-0.079812,0.016226,0.988081
0.118797,-0.073292,0.015781,0.990084
0.106617,-0.067558,0.013022,0.991917
0.090587,-0.058269,0.010099,0.994131
0.077206,-0.050910,0.007976,0.995683
0.070080,-0.042149,0.007609,0.996621
0.059878,-0.033304,0.004168,0.997641
0.051907,-0.027223,0.002606,0.998277
0.040111,-0.022629,0.002592,0.998936
0.036061,-0.016982,0.004551,0.999195
0.030865,-0.011866,0.006127,0.999434
0.024209,-0.005238,0.004585,0.999683
0.017481,-0.001384,0.004226,0.999837
0.011862,0.002861,0.003241,0.999920
0.007958,0.004749,0.002570,0.999954
0.006492,0.007061,0.003179,0.999949
0.004347,0.013334,0.003858,0.999894
0.000831,0.017236,0.004956,0.999839
-0.000437,0.020533,0.000684,0.999789
-0.002842,0.021575,0.001037,0.999763
-0.003702,0.023074,-0.000914,0.999726
-0.008621,0.023694,0.004108,0.999674
-0.011324,0.023665,0.004638,0.999645
-0.013392,0.023702,0.006518,0.999608
-0.013360,0.024196,0.006689,0.999596
-0.012581,0.024619,0.005467,0.999603
-0.012529,0.024813,0.007811,0.999583
-0.012480,0.024974,0.006928,0.999586
-0.013587,0.025291,0.009572,0.999542
-0.014110,0.025232,0.006199,0.999563
-0.014045,0.025662,0.008251,0.999538
-0.013913,0.025795,0.007044,0.999546
-0.013529,0.025905,0.008501,0.999537
-0.013599,0.026442,0.006769,0.999535
-0.013812,0.027150,0.007798,0.999506
-0.014229,0.027193,0.007915,0.999498
-0.015377,0.027367,0.008685,0.999469
-0.015528,0.027065,0.006314,0.999493
-0.015640,0.026748,0.005591,0.999504
-0.016216,0.026732,0.007973,0.999479
-0.016640,0.030135,0.011313,0.999343
-0.016104,0.032260,0.008370,0.999315
-0.015062,0.033869,0.002903,0.999309
-0.014135,0.033936,0.002419,0.999321
-0.013728,0.034405,0.004627,0.999303
-0.013218,0.034958,0.007016,0.999277
-0.014056,0.034517,0.006124,0.999287
-0.014849,0.034898,0.005546,0.999265
-0.015174,0.034599,0.008547,0.999250
-0.015262,0.034996,0.005636,0.999255
-0.014925,0.035088,0.010043,0.999222
-0.014674,0.034741,0.006038,0.999270
-0.014119,0.034550,0.009260,0.999260
-0.013841,0.034821,0.007208,0.999272
-0.013647,0.034910,0.006541,0.999276
-0.013434,0.034513,0.001997,0.999312
-0.013622,0.036542,0.004974,0.999227
-0.014228,0.036928,0.004923,0.999204
-0.014473,0.037359,0.008826,0.999158
-0.014612,0.037943,0.006139,0.999154
-0.014313,0.038139,0.007064,0.999145
-0.013977,0.038211,0.008131,0.999139
-0.014450,0.038426,0.005295,0.999143
-0.014210,0.038181,0.007982,0.999138
-0.015331,0.037896,0.003353,0.999158
-0.028877,0.037340,0.003291,0.998880
-0.030614,0.046377,0.005528,0.998439
-0.031466,0.056196,0.008022,0.997892
-0.023464,0.059375,0.010616,0.997903
-0.019710,0.059170,0.006369,0.998033
-0.019307,0.058298,0.006670,0.998090
-0.019324,0.058208,0.004501,0.998107
-0.018279,0.057751,0.006446,0.998143
-0.017308,0.057607,0.004422,0.998180
-0.016503,0.057364,0.005271,0.998203
-0.016319,0.057480,0.004838,0.998202
-0.017050,0.057695,0.005105,0.998176
-0.016938,0.057287,0.004960,0.998202
-0.016448,0.057161,0.003693,0.998223
-0.014202,0.057187,0.005121,0.998249
-0.013632,0.056958,0.005387,0.998269
-0.014114,0.056848,0.000967,0.998283
-0.012869,0.058083,-0.004700,0.998218
-0.011689,0.060043,-0.005696,0.998111
-0.013889,0.070348,-0.000185,0.997426
-0.016676,0.071500,0.006773,0.997278
-0.023282,0.073321,-0.001525,0.997035
-0.025578,0.075722,0.002208,0.996798
-0.027442,0.079473,-0.000684,0.996459
-0.030164,0.082862,-0.002432,0.996101
-0.032933,0.085851,-0.010207,0.995711
-0.036137,0.087658,-0.012198,0.995420
-0.035798,0.091421,-0.006646,0.995147
-0.032334,0.091286,0.000868,0.995299
-0.029238,0.093772,0.009393,0.995120
-0.030502,0.092684,0.011907,0.995157
-0.034888,0.092469,0.007564,0.995075
-0.038749,0.090164,-0.003045,0.995168
-0.041363,0.089851,-0.012633,0.995016
-0.040524,0.091214,-0.013824,0.994910
-0.038554,0.095726,-0.009471,0.994616
-0.036539,0.096340,-0.001265,0.994677
-0.035440,0.097259,0.008601,0.994591
-0.037979,0.100222,0.017115,0.994093
-0.039839,0.100808,0.024749,0.993800
-0.041084,0.101210,0.025243,0.993696
-0.042444,0.099799,0.023672,0.993820
-0.044354,0.100023,0.019690,0.993801
-0.045548,0.099330,0.011408,0.993946
-0.044140,0.103882,0.007936,0.993578
-0.043449,0.102490,0.008321,0.993750
-0.044637,0.101284,0.006545,0.993834
-0.047637,0.102510,0.005655,0.993575
-0.050736,0.104476,0.008842,0.993193
-0.051758,0.102833,0.019858,0.993153
-0.052058,0.101602,0.026549,0.993107
-0.050718,0.099237,0.028165,0.993371
-0.051725,0.098176,0.022822,0.993562
-0.053076,0.096397,0.018190,0.993760
-0.055396,0.096235,0.010620,0.993759
-0.056429,0.097518,0.011789,0.993563
-0.057332,0.095380,0.012034,0.993716
-0.060318,0.094129,0.005847,0.993714
-0.061938,0.095052,0.002639,0.993540
-0.063590,0.095483,-0.001681,0.993396
-0.061637,0.094582,0.006642,0.993585
-0.062109,0.094542,0.011569,0.993514
-0.060739,0.093354,0.018261,0.993611
-0.060224,0.091382,0.022502,0.993738
-0.061090,0.089642,0.020763,0.993882
-0.059826,0.086973,0.018892,0.994233
-0.059473,0.086031,0.013994,0.994417
-0.059902,0.083918,0.012545,0.994591
-0.059730,0.083576,0.012342,0.994633
-0.058647,0.082328,0.005124,0.994865
-0.057774,0.081505,-0.001865,0.994995
-0.057952,0.079632,-0.005346,0.995124
-0.057961,0.079278,-0.005071,0.995153
-0.056903,0.079426,-0.006541,0.995194
-0.055869,0.078258,-0.010351,0.995313
-0.054092,0.076699,-0.011428,0.995520
-0.052937,0.077910,-0.000498,0.995554
-0.053451,0.076853,0.002511,0.995606
-0.055178,0.075661,-0.000451,0.995606
-0.055572,0.073890,-0.011868,0.995646
-0.052438,0.071197,-0.014380,0.995979
-0.050688,0.070954,-0.013773,0.996096
-0.049120,0.068474,-0.012125,0.996369
-0.049880,0.068539,-0.011357,0.996336
-0.050594,0.069291,-0.015578,0.996191
-0.051775,0.069800,-0.013409,0.996126
-0.054004,0.071501,-0.013014,0.995892
-0.056244,0.071337,-0.009317,0.995822
-0.056512,0.071768,-0.012088,0.995746
-0.055444,0.071120,-0.019110,0.995742
-0.054800,0.070196,-0.024959,0.995714
-0.056018,0.070834,-0.032265,0.995391
-0.058386,0.072539,-0.036099,0.995001
-0.060411,0.073189,-0.041446,0.994624
-0.059508,0.073532,-0.038344,0.994777
-0.059012,0.074904,-0.039322,0.994666
-0.057491,0.078432,-0.034422,0.994665
-0.060075,0.080147,-0.039748,0.994177
-0.062841,0.083886,-0.038163,0.993759
-0.064781,0.088253,-0.039660,0.993198
-0.065474,0.091750,-0.038506,0.992881
-0.064920,0.092705,-0.042182,0.992679
-0.063489,0.092699,-0.047723,0.992521
-0.061001,0.091849,-0.050147,0.992637
-0.060389,0.092817,-0.055893,0.992277
-0.057715,0.093327,-0.050647,0.992670
-0.054110,0.093310,-0.046721,0.993067
-0.051752,0.091478,-0.044642,0.993459
-0.053401,0.092431,-0.049812,0.993038
-0.056058,0.093251,-0.052585,0.992671
-0.055070,0.094929,-0.049588,0.992722
-0.051827,0.096656,-0.043299,0.993024
-0.045248,0.095995,-0.039341,0.993574
-0.040575,0.096961,-0.035034,0.993843
-0.035738,0.098960,-0.033421,0.993888
-0.032230,0.097450,-0.033187,0.994165
-0.033116,0.099233,-0.028513,0.994104
-0.036406,0.098932,-0.023943,0.994140
-0.038712,0.096855,-0.014253,0.994443
-0.035852,0.096392,-0.012522,0.994619
-0.033041,0.096194,-0.007013,0.994789
-0.030987,0.096279,-0.004813,0.994860
-0.028750,0.096675,-0.000580,0.994901
-0.029298,0.096676,0.000266,0.994885
-0.029515,0.096289,-0.000519,0.994916
-0.031250,0.095995,-0.001813,0.994889
-0.031028,0.095876,-0.002075,0.994907
-0.031462,0.095861,-0.000457,0.994897
-0.032356,0.095880,0.000187,0.994867
-0.032664,0.095843,-0.000008,0.994860
-0.031738,0.095949,-0.000302,0.994880
-0.031125,0.096039,-0.001459,0.994890
-0.030430,0.095889,0.001912,0.994925
-0.030450,0.095285,0.000419,0.994984
-0.030323,0.095041,0.002307,0.995009
-0.031338,0.094564,0.001691,0.995024
-0.031996,0.094393,0.001201,0.995020
-0.031795,0.094224,0.000799,0.995043
-0.031216,0.094175,-0.000917,0.995066
-0.030663,0.094075,0.001543,0.995092
-0.031129,0.094170,0.001222,0.995069
-0.030824,0.094221,-0.000698,0.995074
-0.031062,0.093750,-0.001244,0.995110
-0.031143,0.094093,0.000759,0.995076
-0.031877,0.094198,0.001387,0.995042
-0.032102,0.094073,0.001728,0.995046
-0.032252,0.094290,-0.000237,0.995022
-0.032284,0.094358,-0.000518,0.995015
-0.031851,0.094459,-0.000289,0.995019
-0.031774,0.094288,-0.001777,0.995036
-0.031240,0.094290,0.001571,0.995053
-0.030838,0.094515,0.001110,0.995045
-0.029973,0.094856,0.003611,0.995033
-0.030933,0.094728,-0.000162,0.995022
-0.031292,0.094889,0.000292,0.994996
-0.031725,0.094585,-0.000754,0.995011
-0.031530,0.095062,0.003033,0.994967
-0.030442,0.094645,-0.001681,0.995044
-0.028355,0.094788,0.001334,0.995093
-0.026987,0.094867,0.000874,0.995124
-0.027879,0.094682,0.004884,0.995105
-0.030748,0.093947,0.001925,0.995100
-0.032313,0.093526,0.002038,0.995090
-0.032388,0.093390,0.000140,0.995103
-0.031030,0.093916,0.002109,0.995094
-0.028758,0.093875,-0.000388,0.995168
-0.029037,0.093936,0.000129,0.995155
-0.029611,0.093778,-0.000421,0.995153
-0.030609,0.093570,-0.000194,0.995142
-0.030254,0.093742,0.000341,0.995137
-0.031051,0.093468,0.000010,0.995138
-0.031581,0.093621,0.001061,0.995106
-0.031749,0.093799,0.001217,0.995084
-0.030542,0.093603,-0.001078,0.995140
-0.029938,0.093285,-0.000005,0.995189
-0.031192,0.093269,-0.001336,0.995151
-0.032312,0.093401,0.001544,0.995103
-0.033191,0.093016,0.000974,0.995111
-0.027979,0.091094,0.016197,0.995317
-0.027857,0.086906,0.024793,0.995518
-0.029688,0.075606,0.032899,0.996153
-0.034996,0.074744,0.022579,0.996333
-0.036039,0.073592,0.014146,0.996537
-0.033090,0.076530,0.010379,0.996464
-0.028565,0.076593,0.013416,0.996563
-0.026000,0.077182,0.026605,0.996323
-0.026326,0.077529,0.042616,0.995731
-0.028605,0.078118,0.057951,0.994847
-0.032472,0.089283,0.065158,0.993342
-0.035800,0.081824,0.072797,0.993340
-0.038364,0.082906,0.087653,0.991954
-0.042551,0.084447,0.101456,0.990336
-0.049681,0.090361,0.125527,0.986717
-0.056176,0.092886,0.122700,0.986489
-0.057669,0.092262,0.115535,0.987327
-0.062109,0.091376,0.126103,0.985845
-0.064789,0.092967,0.137867,0.983947
-0.065093,0.086755,0.158419,0.981397
-0.062920,0.098892,0.165264,0.979259
-0.058440,0.107894,0.172075,0.977412
-0.051624,0.111387,0.179796,0.976013
-0.041726,0.109434,0.204205,0.971897
-0.032863,0.111936,0.226968,0.966890
-0.028218,0.107656,0.244608,0.963214
-0.026500,0.104376,0.261545,0.959165
-0.019605,0.098955,0.281580,0.954220
-0.013904,0.105699,0.291109,0.950731
-0.009641,0.111262,0.296928,0.948347
-0.009330,0.115503,0.307916,0.944330
-0.011876,0.112385,0.306645,0.945091
-0.007923,0.110469,0.327379,0.938380
-0.004863,0.107066,0.351896,0.929883
0.001080,0.101952,0.375107,0.921357
0.004490,0.099484,0.391923,0.914592
0.009786,0.091186,0.419517,0.903103
0.011266,0.092233,0.440442,0.892960
0.018855,0.096708,0.468084,0.878174
0.019886,0.101619,0.483797,0.869033
0.021318,0.093272,0.509872,0.854913
0.021328,0.086788,0.522361,0.848029
0.019144,0.082698,0.538398,0.838405
0.020267,0.085395,0.552006,0.829208
0.020260,0.084010,0.568739,0.817966
0.021014,0.078652,0.591473,0.802204
0.022080,0.075697,0.608065,0.789962
0.024929,0.072717,0.616444,0.783637
0.025775,0.066879,0.629686,0.773536
0.031266,0.069995,0.640599,0.764039
0.032193,0.068333,0.657207,0.749915
0.030479,0.066382,0.669417,0.739287
0.025139,0.063354,0.678667,0.731277
0.021867,0.055606,0.685166,0.725932
0.022357,0.054133,0.691934,0.719581
0.023632,0.052701,0.697456,0.714296
0.020048,0.051688,0.703196,0.708831
0.018751,0.051883,0.703187,0.708861
0.015445,0.049893,0.703328,0.708944
0.015665,0.050221,0.698464,0.713709
0.013401,0.049509,0.695697,0.716502
0.010353,0.046707,0.694933,0.717482
0.008892,0.045842,0.697668,0.714898
0.009174,0.044516,0.699323,0.713359
0.008362,0.044391,0.700068,0.712646
0.009155,0.043736,0.701003,0.711758
0.005948,0.042536,0.700664,0.712197
0.004855,0.041430,0.699374,0.713538
0.003224,0.043372,0.697030,0.715721
-0.000045,0.043390,0.699613,0.713203
-0.001683,0.043713,0.700966,0.711852
-0.002034,0.042423,0.704257,0.708673
-0.002609,0.040868,0.703213,0.709799
-0.003257,0.040088,0.705292,0.707775
-0.004841,0.040045,0.703990,0.709064
-0.004884,0.038815,0.704946,0.708181
-0.005566,0.037557,0.705390,0.707801
-0.006075,0.036488,0.708093,0.705150
-0.007679,0.036683,0.707030,0.706189
-0.007954,0.035413,0.705563,0.707717
-0.008429,0.033983,0.704081,0.709256
-0.008777,0.032635,0.707289,0.706117
-0.009678,0.031920,0.707206,0.706220
-0.011358,0.031974,0.707901,0.705496
-0.012115,0.030962,0.707378,0.706053
-0.013111,0.031084,0.709102,0.704298
-0.014204,0.030883,0.710522,0.702853
-0.016033,0.030508,0.710377,0.702977
-0.016650,0.029421,0.711496,0.701877
-0.016086,0.027631,0.711615,0.701842
-0.016190,0.026218,0.711003,0.702513
-0.016770,0.025222,0.710266,0.703282
-0.017998,0.024851,0.710164,0.703368
-0.019512,0.024630,0.709593,0.703911
-0.021224,0.024348,0.710997,0.702452
-0.021958,0.022910,0.710561,0.702920
-0.021697,0.021388,0.711446,0.702080
-0.022117,0.020381,0.710601,0.702952
-0.022574,0.019619,0.711014,0.702541
-0.024626,0.019531,0.712575,0.700892
-0.025671,0.018924,0.712477,0.700970
-0.027107,0.018410,0.714336,0.699035
-0.027367,0.017034,0.716243,0.697106
-0.027246,0.015429,0.718164,0.695169
-0.027868,0.014116,0.719883,0.693393
-0.027981,0.012944,0.719321,0.693994
-0.028878,0.012331,0.720286,0.692966
-0.029696,0.012249,0.721326,0.691851
-0.031286,0.012263,0.723566,0.689437
-0.032321,0.011457,0.722897,0.690105
-0.033691,0.011495,0.722598,0.690351
-0.034785,0.010855,0.723049,0.689835
-0.036079,0.010345,0.725326,0.687382
-0.036276,0.009373,0.725204,0.687514
-0.037435,0.008807,0.726067,0.686548
-0.038388,0.007848,0.725883,0.686701
-0.038540,0.006551,0.729935,0.682398
-0.040506,0.006345,0.722018,0.690659
-0.041161,0.005544,0.722091,0.690551
-0.040995,0.006224,0.719314,0.693446
-0.040278,0.004593,0.724700,0.687870
-0.040330,0.003448,0.726259,0.686228
-0.041068,0.003026,0.728533,0.683772
-0.043679,0.000363,0.728452,0.683703
-0.046375,-0.000375,0.730179,0.681680
-0.047812,-0.000513,0.731997,0.679628
-0.049884,-0.002240,0.731714,0.679780
-0.052061,-0.007083,0.728281,0.683262
-0.051987,-0.010147,0.724411,0.687330
-0.052019,-0.011389,0.720606,0.691297
-0.053039,-0.012221,0.722215,0.689524
-0.052365,-0.015026,0.711042,0.701036
-0.051120,-0.016770,0.704860,0.707303
-0.047182,-0.015595,0.695090,0.717203
-0.048481,-0.015990,0.692044,0.720048
-0.048451,-0.016048,0.683762,0.727918
-0.051184,-0.016689,0.674530,0.736282
-0.052386,-0.017737,0.671692,0.738763
-0.051690,-0.021253,0.665975,0.743878
-0.051610,-0.023514,0.662516,0.746898
-0.052132,-0.023191,0.657345,0.751427
-0.053837,-0.027184,0.654055,0.754039
-0.052884,-0.030674,0.647315,0.759767
-0.057711,-0.024861,0.640585,0.765312
-0.064204,-0.027091,0.632061,0.771779
-0.062518,-0.027798,0.627005,0.776005
-0.055327,-0.034230,0.620581,0.781439
-0.052304,-0.043400,0.608760,0.790438
-0.055172,-0.045350,0.587352,0.806174
-0.053547,-0.042056,0.572734,0.816909
-0.058238,-0.040784,0.562037,0.824050
-0.064626,-0.040353,0.559397,0.825391
-0.066832,-0.044596,0.562121,0.823143
-0.067409,-0.046503,0.554584,0.828088
-0.064461,-0.052704,0.539366,0.837945
-0.061268,-0.054203,0.512183,0.854972
-0.063919,-0.058615,0.488462,0.868265
-0.065210,-0.058900,0.469595,0.878498
-0.062662,-0.068688,0.437589,0.894355
-0.063779,-0.078209,0.413203,0.905030
-0.066377,-0.080918,0.384208,0.917295
-0.069236,-0.081475,0.362113,0.925982
-0.069189,-0.084874,0.336379,0.935339
-0.068732,-0.094109,0.315659,0.941690
-0.068527,-0.094356,0.305786,0.944932
-0.071480,-0.102176,0.295516,0.947165
-0.077375,-0.099366,0.286604,0.949736
-0.078931,-0.095401,0.261732,0.957165
-0.079022,-0.095162,0.241618,0.962455
-0.080753,-0.109720,0.215992,0.966844
-0.075063,-0.112145,0.195649,0.971345
-0.070081,-0.115129,0.186681,0.973131
-0.066519,-0.119201,0.189009,0.972441
-0.065171,-0.122343,0.186694,0.972589
-0.062939,-0.123454,0.175384,0.974699
-0.059764,-0.124206,0.161328,0.977228
-0.055801,-0.126643,0.148809,0.979134
-0.052027,-0.128549,0.129526,0.981831
-0.046826,-0.131262,0.113854,0.983674
-0.041964,-0.131972,0.096319,0.985670
-0.035894,-0.133048,0.086827,0.986646
-0.032405,-0.135118,0.078462,0.987186
-0.029809,-0.135340,0.072255,0.987711
-0.030610,-0.134681,0.068279,0.988060
-0.030457,-0.133766,0.066761,0.988292
-0.030206,-0.134008,0.067781,0.988198
-0.030344,-0.133900,0.067174,0.988250
-0.030930,-0.134224,0.067456,0.988168
-0.031212,-0.134708,0.068290,0.988036
-0.029291,-0.135395,0.068374,0.987996
-0.026961,-0.136121,0.061937,0.988387
-0.025166,-0.136965,0.061046,0.988373
-0.025551,-0.137732,0.055943,0.988558
-0.026323,-0.138119,0.056719,0.988440
-0.025689,-0.137549,0.053173,0.988733
-0.025858,-0.137389,0.053250,0.988747
-0.024784,-0.137177,0.052413,0.988848
-0.024451,-0.137459,0.048415,0.989021
-0.022402,-0.137712,0.044171,0.989233
-0.021529,-0.137854,0.041467,0.989350
-0.021923,-0.138340,0.038224,0.989404
-0.020385,-0.138614,0.035411,0.989503
-0.019612,-0.138689,0.030474,0.989673
-0.018514,-0.138581,0.030148,0.989719
-0.019235,-0.138848,0.028562,0.989715
-0.019257,-0.139071,0.027530,0.989712
-0.019184,-0.139009,0.026228,0.989758
-0.018131,-0.139141,0.024207,0.989811
-0.017781,-0.139393,0.025524,0.989748
-0.017992,-0.139200,0.025272,0.989778
-0.019090,-0.139253,0.026373,0.989721
-0.019386,-0.139465,0.025844,0.989700
-0.018377,-0.139517,0.025807,0.989713
-0.017657,-0.139509,0.025112,0.989745
-0.018913,-0.140257,0.026462,0.989581
-0.019342,-0.140756,0.026121,0.989511
-0.019319,-0.141044,0.026109,0.989470
-0.017816,-0.141306,0.024372,0.989506
-0.017846,-0.141344,0.025112,0.989481
-0.016992,-0.141298,0.026850,0.989457
-0.015141,-0.141579,0.030726,0.989334
-0.015235,-0.141683,0.031466,0.989295
-0.016417,-0.142542,0.030024,0.989197
-0.017787,-0.143010,0.024364,0.989261
-0.017389,-0.143216,0.021703,0.989301
-0.017172,-0.143290,0.019768,0.989334
-0.017661,-0.143099,0.020269,0.989343
-0.016868,-0.142836,0.020548,0.989389
-0.016732,-0.142817,0.019942,0.989407
-0.016843,-0.142847,0.018062,0.989437
-0.017938,-0.142862,0.017129,0.989432
-0.016731,-0.143318,0.016912,0.989391
-0.015658,-0.143332,0.018260,0.989382
-0.014069,-0.143298,0.017713,0.989421
-0.014833,-0.143494,0.017282,0.989389
-0.014623,-0.143551,0.016139,0.989403
-0.014378,-0.143572,0.015469,0.989415
-0.014893,-0.143689,0.014036,0.989411
-0.016182,-0.143602,0.013671,0.989409
-0.015762,-0.143309,0.014430,0.989447
-0.015699,-0.143291,0.016117,0.989425
-0.015541,-0.142605,0.016850,0.989514
-0.015449,-0.142720,0.013163,0.989555
-0.014669,-0.142817,0.010938,0.989580
-0.014602,-0.143051,0.010704,0.989550
-0.015289,-0.142622,0.012223,0.989584
-0.014525,-0.142671,0.013032,0.989578
-0.013500,-0.142838,0.012594,0.989574
-0.013567,-0.143225,0.012703,0.989516
-0.014242,-0.143215,0.011076,0.989527
-0.015007,-0.143259,0.012366,0.989494
-0.015295,-0.143504,0.010302,0.989478
-0.017546,-0.143407,0.015283,0.989390
-0.018837,-0.143698,0.015165,0.989326
-0.018605,-0.143807,0.017096,0.989283
-0.016759,-0.143798,0.016775,0.989323
-0.016080,-0.143729,0.020989,0.989264
-0.015896,-0.142756,0.023625,0.989348
-0.015747,-0.143127,0.020895,0.989358
-0.013793,-0.143264,0.015137,0.989473
-0.013171,-0.143428,0.008991,0.989532
-0.013156,-0.143921,0.008262,0.989467
-0.013465,-0.144177,0.008367,0.989425
-0.010931,-0.144049,0.009860,0.989461
-0.005886,-0.143778,0.009555,0.989546
-0.007375,-0.143761,0.007577,0.989556
-0.013174,-0.142075,0.008534,0.989731
-0.020004,-0.143143,0.005774,0.989483
-0.015689,-0.145844,0.004822,0.989171
-0.013003,-0.144797,0.002003,0.989374
-0.008552,-0.143265,0.002528,0.989644
-0.005500,-0.143120,0.002393,0.989687
-0.001206,-0.143598,0.001697,0.989634
0.001442,-0.143679,0.000481,0.989623
0.003951,-0.141883,0.000996,0.989875
0.011547,-0.139627,0.004180,0.990128
0.020925,-0.138082,0.006285,0.990180
0.026484,-0.138010,0.007363,0.990049
0.035468,-0.135169,0.005744,0.990171
0.043777,-0.133595,0.006890,0.990045
0.050792,-0.132892,0.007636,0.989799
0.055999,-0.132142,0.011393,0.989582
0.062449,-0.133329,0.011896,0.989031
0.077317,-0.133234,0.013189,0.987976
0.088481,-0.130200,0.012176,0.987457
0.100576,-0.126263,0.014159,0.986783
0.107207,-0.127916,0.016071,0.985843
0.120128,-0.128740,0.020249,0.984167
0.128908,-0.132178,0.023172,0.982535
0.137805,-0.133972,0.024948,0.981040
0.144907,-0.136708,0.025132,0.979633
0.159158,-0.136531,0.026620,0.977405
0.176506,-0.135649,0.032718,0.974358
0.185182,-0.137732,0.035450,0.972358
0.191075,-0.138652,0.035745,0.971076
0.196908,-0.139237,0.034042,0.969887
0.211997,-0.139387,0.035381,0.966632
0.230418,-0.138016,0.037379,0.962529
0.245772,-0.134544,0.038913,0.959156
0.260989,-0.133398,0.041851,0.955164
0.276190,-0.132859,0.044742,0.950824
0.291209,-0.131359,0.046500,0.946456
0.307955,-0.134588,0.042569,0.940871
0.329958,-0.138264,0.036174,0.933114
0.348840,-0.138556,0.030761,0.926373
0.358620,-0.137015,0.033779,0.922755
0.371830,-0.136845,0.045127,0.917049
0.382306,-0.129538,0.050233,0.913531
0.392959,-0.124235,0.050582,0.909720
0.395793,-0.121879,0.048566,0.908920
0.400749,-0.120658,0.048571,0.906909
0.415432,-0.118427,0.049527,0.900521
0.430955,-0.116451,0.052690,0.893275
0.446083,-0.112732,0.054678,0.886178
0.460749,-0.107153,0.054731,0.879337
0.472173,-0.102771,0.058583,0.873532
0.481202,-0.094114,0.058236,0.869595
0.492554,-0.096531,0.060616,0.862785
0.500932,-0.095307,0.055250,0.858447
0.513687,-0.095957,0.056388,0.850728
0.523947,-0.094101,0.059426,0.844449
0.533982,-0.096031,0.063851,0.837595
0.541919,-0.099077,0.069064,0.831707
0.548164,-0.099960,0.067847,0.827599
0.557888,-0.095606,0.066877,0.821674
0.568343,-0.091042,0.064789,0.815169
0.577927,-0.090969,0.066459,0.808275
0.581491,-0.094429,0.072735,0.804774
0.585988,-0.095889,0.072646,0.801340
0.587197,-0.093135,0.076486,0.800422
0.593731,-0.094181,0.074280,0.795673
0.599328,-0.090078,0.074607,0.791913
0.606294,-0.089122,0.072451,0.786902
0.613806,-0.086552,0.074409,0.781162
0.620874,-0.084782,0.076043,0.775593
0.624813,-0.083528,0.077712,0.772394
0.625531,-0.084615,0.076887,0.771777
0.624226,-0.085053,0.075837,0.772888
0.623217,-0.085306,0.075088,0.773747
0.623394,-0.083459,0.076388,0.773679
0.623338,-0.083989,0.075531,0.773751
0.621887,-0.083365,0.076361,0.774904
0.617874,-0.085487,0.074156,0.778090
0.614290,-0.086443,0.072954,0.780931
0.613746,-0.086998,0.071446,0.781436
0.615172,-0.085885,0.072016,0.780385
0.618261,-0.082683,0.074633,0.778040
0.621739,-0.083660,0.073013,0.775313
0.623477,-0.081925,0.074626,0.773948
0.623226,-0.082616,0.073076,0.774225
0.622720,-0.081388,0.074674,0.774609
0.623434,-0.081560,0.073468,0.774132
0.624805,-0.081054,0.073051,0.773119
0.625047,-0.079772,0.074365,0.772931
0.626848,-0.079105,0.074783,0.771499
0.628053,-0.078987,0.075149,0.770495
0.628897,-0.078511,0.075530,0.769818
0.628085,-0.079235,0.074378,0.770519
0.627412,-0.078516,0.074739,0.771106
0.629520,-0.079359,0.073111,0.769455
0.632178,-0.078486,0.073688,0.767308
0.634216,-0.078076,0.073592,0.765675
0.633229,-0.077869,0.073870,0.766486
0.632444,-0.077778,0.073930,0.767137
0.632622,-0.077869,0.072977,0.767072
0.633509,-0.077311,0.073585,0.766339
0.633619,-0.076332,0.073697,0.766335
0.633190,-0.076434,0.073502,0.766698
0.633887,-0.075625,0.073909,0.766163
0.635232,-0.076275,0.073386,0.765034
0.637415,-0.075054,0.073919,0.763286
0.638799,-0.074696,0.073692,0.762185
0.638916,-0.074316,0.074129,0.762082
0.638085,-0.075249,0.072603,0.762833
0.636697,-0.075007,0.072798,0.763997
0.634692,-0.074438,0.073030,0.765697
0.633472,-0.073952,0.073216,0.766736
0.632868,-0.074525,0.072140,0.767281
0.633123,-0.073451,0.072117,0.767176
0.632352,-0.072742,0.073228,0.767774
0.631202,-0.073163,0.072829,0.768718
0.630306,-0.074300,0.071444,0.769474
0.629449,-0.074118,0.071216,0.770213
0.629492,-0.073219,0.072183,0.770174
0.631234,-0.073180,0.072071,0.768761
0.632049,-0.073256,0.071290,0.768157
0.632788,-0.072909,0.071535,0.767558
0.632487,-0.071954,0.072501,0.767807
0.633587,-0.071610,0.072072,0.766971
0.634231,-0.072802,0.071065,0.766421
0.635263,-0.072487,0.070781,0.765622
0.635629,-0.073308,0.071595,0.765164
0.635195,-0.071761,0.072873,0.765550
0.635351,-0.073098,0.071658,0.765409
0.635558,-0.072432,0.071970,0.765271
0.636353,-0.073215,0.071053,0.764621
0.636338,-0.071799,0.072348,0.764646
0.637039,-0.071721,0.071921,0.764111
0.636239,-0.070808,0.073224,0.764738
0.635422,-0.073503,0.075295,0.764962
0.633569,-0.073151,0.075700,0.766492
0.633225,-0.074165,0.074351,0.766810
0.632948,-0.074649,0.073310,0.767092
0.633572,-0.075316,0.072617,0.766577
0.634076,-0.075332,0.072230,0.766195
0.633483,-0.074677,0.073187,0.766659
0.632961,-0.074818,0.072524,0.767140
0.632835,-0.074313,0.072456,0.767298
0.633121,-0.073934,0.071807,0.767160
0.633883,-0.073277,0.071455,0.766627
0.635344,-0.072735,0.071764,0.765440
0.638056,-0.073191,0.070737,0.763233
0.639350,-0.072525,0.071146,0.762175
0.639404,-0.073120,0.070457,0.762136
0.638415,-0.072127,0.071015,0.763008
0.637613,-0.071555,0.071275,0.763708
0.638117,-0.070789,0.071320,0.763354
0.638015,-0.070872,0.070570,0.763501
0.638329,-0.070508,0.070576,0.763272
0.637643,-0.070919,0.069571,0.763899
0.636438,-0.071059,0.069291,0.764916
0.635661,-0.071436,0.068593,0.765589
0.636021,-0.069899,0.068938,0.765401
0.637149,-0.069217,0.069179,0.764502
0.637814,-0.069625,0.069207,0.763908
0.637790,-0.069663,0.069356,0.763911
0.637885,-0.069741,0.069181,0.763841
0.637181,-0.069205,0.069252,0.764471
0.636462,-0.070187,0.068217,0.765073
0.636322,-0.069147,0.068691,0.765242
0.637988,-0.069680,0.068451,0.763826
0.639406,-0.068606,0.068931,0.762694
0.640065,-0.068522,0.068849,0.762156
0.639170,-0.068015,0.069112,0.762928
0.638618,-0.068280,0.068369,0.763434
0.638744,-0.068365,0.068000,0.763353
0.638720,-0.067515,0.068456,0.763408
0.639312,-0.067568,0.068932,0.762865
0.638788,-0.067909,0.068198,0.763339
0.639084,-0.067774,0.067631,0.763154
0.638681,-0.066790,0.068015,0.763544
0.639214,-0.066134,0.068408,0.763120
0.638656,-0.066548,0.067498,0.763632
0.638243,-0.067146,0.066492,0.764013
0.637288,-0.066948,0.066439,0.764832
0.637425,-0.066627,0.066510,0.764739
0.637083,-0.065903,0.067092,0.765037
0.638004,-0.065508,0.066560,0.764349
0.638586,-0.065797,0.065998,0.763887
0.638506,-0.065867,0.066015,0.763946
0.638303,-0.065850,0.065075,0.764198
0.638730,-0.064640,0.065804,0.763882
0.639790,-0.064803,0.065573,0.763000
0.640537,-0.064365,0.066385,0.762341
0.641224,-0.064382,0.065735,0.761817
0.641016,-0.063997,0.065129,0.762077
0.640800,-0.064452,0.064201,0.762299
0.640495,-0.064024,0.064027,0.762606
0.641490,-0.064076,0.063313,0.761825
0.642182,-0.063061,0.063908,0.761276
0.642946,-0.063386,0.063358,0.760650
0.641937,-0.063230,0.063448,0.761507
0.640838,-0.064139,0.062454,0.762438
0.637794,-0.064178,0.062530,0.764977
0.635881,-0.063974,0.062504,0.766587
0.634274,-0.062864,0.063183,0.767954
0.634360,-0.062914,0.062668,0.767921
0.634743,-0.063129,0.061917,0.767647
0.635259,-0.063209,0.061212,0.767270
0.635984,-0.062308,0.061312,0.766735
0.635817,-0.061834,0.061066,0.766932
0.634954,-0.061430,0.060813,0.767699
0.632578,-0.061302,0.060776,0.769671
0.632045,-0.061692,0.060517,0.770098
0.631569,-0.062114,0.059792,0.770511
0.632764,-0.062301,0.058823,0.769589
0.633292,-0.061725,0.058957,0.769191
0.634062,-0.061807,0.059039,0.768544
0.634874,-0.062140,0.059116,0.767840
0.634916,-0.061401,0.060133,0.767786
0.635417,-0.061586,0.059901,0.767375
0.634698,-0.060783,0.060254,0.768006
0.634698,-0.061494,0.059447,0.768013
0.634541,-0.060904,0.059348,0.768197
0.634674,-0.060224,0.059353,0.768141
0.635416,-0.059760,0.059820,0.767526
0.635276,-0.060039,0.060070,0.767601
0.635488,-0.060616,0.059762,0.767404
0.634538,-0.060577,0.059455,0.768217
0.634455,-0.059721,0.059856,0.768321
0.635161,-0.059916,0.059740,0.767731
0.636441,-0.059644,0.059023,0.766748
0.637068,-0.059121,0.059471,0.766233
0.635578,-0.060107,0.058335,0.767480
0.634331,-0.059125,0.059192,0.768521
0.634644,-0.060395,0.057427,0.768298
0.636591,-0.058515,0.059153,0.766700
0.638325,-0.058823,0.059220,0.765228
0.639151,-0.058795,0.059740,0.764500
0.640339,-0.060411,0.058455,0.763478
0.640562,-0.060528,0.058535,0.763276
0.641535,-0.059914,0.059188,0.762456
0.641876,-0.058892,0.059323,0.762238
0.643271,-0.059062,0.058753,0.761092
0.644106,-0.058578,0.059389,0.760374
0.644104,-0.060154,0.060641,0.760154
0.642247,-0.060582,0.061443,0.761625
0.640827,-0.062688,0.060882,0.762695
0.639285,-0.062121,0.061841,0.763958
0.639326,-0.062141,0.061389,0.763958
0.639295,-0.061470,0.061818,0.764004
0.640342,-0.061580,0.061358,0.763155
0.639946,-0.061754,0.060466,0.763544
0.639236,-0.060935,0.060862,0.764173
0.637930,-0.060424,0.061184,0.765278
0.638382,-0.058349,0.062544,0.764952
0.639515,-0.059691,0.060995,0.764027
0.640725,-0.059035,0.061517,0.763022
0.641136,-0.061065,0.059391,0.762685
0.640706,-0.060390,0.059655,0.763080
0.640332,-0.060540,0.059024,0.763431
0.642277,-0.058854,0.060673,0.761798
0.643437,-0.061131,0.064480,0.760325
0.644596,-0.062085,0.063364,0.759359
0.643036,-0.061940,0.063006,0.760723
0.642082,-0.062146,0.061964,0.761596
0.642038,-0.061764,0.061910,0.761669
0.642272,-0.062290,0.061394,0.761470
0.642782,-0.060890,0.062059,0.761099
0.641702,-0.061226,0.061902,0.761996
0.640859,-0.060268,0.062120,0.762764
0.640151,-0.060724,0.060965,0.763415
0.639287,-0.059675,0.061419,0.764185
0.639250,-0.059929,0.060456,0.764273
0.640015,-0.060697,0.059729,0.763629
0.640900,-0.060165,0.059600,0.762939
0.641391,-0.059904,0.059313,0.762569
0.641180,-0.058846,0.060661,0.762723
0.640945,-0.059288,0.059534,0.762974
0.641540,-0.058510,0.059502,0.762537
0.641050,-0.058280,0.059253,0.762986
0.640627,-0.058274,0.058620,0.763391
0.641098,-0.058320,0.058273,0.763018
0.641216,-0.058022,0.058006,0.762961
0.642498,-0.056435,0.058569,0.761959
0.642002,-0.056574,0.057991,0.762410
0.641846,-0.056418,0.057293,0.762606
0.640946,-0.056362,0.056774,0.763406
0.640269,-0.056041,0.056825,0.763994
0.639024,-0.056264,0.056514,0.765042
0.636403,-0.057597,0.055649,0.767188
0.632717,-0.057513,0.056184,0.770198
0.630161,-0.058635,0.055668,0.772244
0.629353,-0.058486,0.055842,0.772901
0.629813,-0.058385,0.056091,0.772515
0.628958,-0.058810,0.056098,0.773179
0.627337,-0.060645,0.054656,0.774457
0.624440,-0.062010,0.054125,0.776724
0.621544,-0.062720,0.054484,0.778961
0.615799,-0.061746,0.057073,0.783404
0.608721,-0.062735,0.056063,0.788910
0.600743,-0.065101,0.054134,0.794946
0.590636,-0.067742,0.051832,0.802417
0.578436,-0.069849,0.050208,0.811179
0.565386,-0.070676,0.050353,0.820249
0.554226,-0.071838,0.049896,0.827758
0.545292,-0.073964,0.048227,0.833583
0.534818,-0.076563,0.046857,0.840186
0.517000,-0.077662,0.045604,0.851235
0.509498,-0.080866,0.043914,0.855538
0.490638,-0.087747,0.045525,0.865738
0.473714,-0.088310,0.041348,0.875264
0.454359,-0.089436,0.041538,0.885344
0.430632,-0.090354,0.039671,0.897117
0.409739,-0.096768,0.040731,0.906141
0.399454,-0.100910,0.042834,0.910175
0.392357,-0.099540,0.040572,0.913511
0.380523,-0.099009,0.038044,0.918669
0.360475,-0.106426,0.037516,0.925918
0.335411,-0.110351,0.035486,0.934913
0.316538,-0.111878,0.034510,0.941327
0.306474,-0.115978,0.036473,0.944083
0.299980,-0.116348,0.034585,0.946192
0.292379,-0.115631,0.032612,0.948726
0.282704,-0.115069,0.030169,0.951802
0.273665,-0.112013,0.028814,0.954846
0.263064,-0.110534,0.026510,0.958059
0.247354,-0.108463,0.022721,0.962567
0.239402,-0.106787,0.019456,0.964834
0.228654,-0.106350,0.017689,0.967520
0.215749,-0.105789,0.015871,0.970572
0.197744,-0.103323,0.012865,0.974708
0.189801,-0.100001,0.013767,0.976620
0.183454,-0.098068,0.013560,0.978030
0.178563,-0.099414,0.014656,0.978784
0.163637,-0.103429,0.011507,0.981016
0.145919,-0.107378,0.011732,0.983382
0.125806,-0.110041,0.010896,0.985873
0.113324,-0.114534,0.011028,0.986873
0.103283,-0.117556,0.008701,0.987642
0.095757,-0.114128,0.008462,0.988804
0.086144,-0.111744,0.008022,0.989964
0.076555,-0.107823,0.006610,0.991196
0.070272,-0.107114,0.004003,0.991752
0.064915,-0.106265,0.003271,0.992211
0.055578,-0.104199,0.002622,0.992999
0.045379,-0.103708,0.001896,0.993570
0.030597,-0.100053,-0.000532,0.994511
0.019391,-0.098727,-0.001810,0.994924
0.012790,-0.097930,-0.002055,0.995109
0.007117,-0.096429,-0.002840,0.995310
0.001071,-0.097310,-0.001598,0.995252
0.000973,-0.094538,-0.001599,0.995519
0.000713,-0.093991,-0.001879,0.995571
-0.002842,-0.095304,0.002215,0.995442
-0.012235,-0.094327,0.008941,0.995426
-0.015003,-0.093045,0.011923,0.995477
-0.017268,-0.091511,0.008018,0.995622
-0.020642,-0.075075,0.007311,0.996937
-0.022960,-0.073596,0.009625,0.996977
-0.021234,-0.073458,0.011423,0.997007
-0.019684,-0.073431,0.009761,0.997058
-0.019022,-0.073733,0.006383,0.997076
-0.019510,-0.073716,0.005775,0.997072
-0.020421,-0.073957,0.005270,0.997038
-0.020598,-0.074115,0.008302,0.997002
-0.017272,-0.073937,0.006127,0.997095
-0.017461,-0.073756,0.007875,0.997092
-0.018585,-0.073510,0.007176,0.997095
-0.022055,-0.073554,0.009441,0.997003
-0.021311,-0.073387,0.009274,0.997033
-0.020471,-0.073677,0.008892,0.997032
-0.019509,-0.074103,0.007095,0.997034
-0.020719,-0.074147,0.008073,0.996999
-0.020929,-0.074242,0.009751,0.996973
-0.020653,-0.074247,0.010082,0.996975
-0.019910,-0.073944,0.009200,0.997021
-0.020654,-0.074341,0.008321,0.996984
-0.020033,-0.074645,0.009090,0.996967
-0.021286,-0.074569,0.015145,0.996874
-0.021305,-0.074977,0.011134,0.996895
-0.021080,-0.075022,0.010747,0.996901
-0.021139,-0.075446,0.005804,0.996909
-0.020942,-0.075024,0.009883,0.996913
-0.022946,-0.074959,0.008816,0.996884
-0.022083,-0.074922,0.009981,0.996895
-0.023460,-0.074588,0.010221,0.996886
-0.021911,-0.074811,0.007217,0.996931
-0.021603,-0.074873,0.008258,0.996925
-0.022913,-0.074732,0.007044,0.996915
-0.024336,-0.074898,0.007121,0.996869
-0.024320,-0.075478,0.005455,0.996836
-0.023230,-0.075464,0.007513,0.996850
-0.022917,-0.074946,0.011190,0.996861
-0.022137,-0.074548,0.008534,0.996935
-0.021059,-0.074788,0.006306,0.996957
-0.021423,-0.075199,0.010414,0.996884
-0.022033,-0.074908,0.008710,0.996909
-0.022637,-0.074325,0.009225,0.996934
-0.022245,-0.074229,0.008537,0.996957
-0.022833,-0.073746,0.012262,0.996940
-0.023008,-0.073290,0.012963,0.996961
-0.022455,-0.073383,0.009657,0.997004
-0.022091,-0.073371,0.008755,0.997022
-0.021864,-0.073490,0.008303,0.997022
-0.022300,-0.073595,0.009411,0.996994
-0.021604,-0.073471,0.009039,0.997022
-0.021721,-0.073296,0.009991,0.997024
-0.020749,-0.073371,0.009011,0.997048
-0.020525,-0.073799,0.008975,0.997021
-0.020978,-0.073991,0.008493,0.997002
-0.021525,-0.074317,0.009506,0.996957
-0.022069,-0.074418,0.009768,0.996935
-0.021814,-0.074803,0.007148,0.996934
-0.021073,-0.075304,0.007550,0.996909
-0.021351,-0.074808,0.007756,0.996939
-0.020450,-0.074369,0.008114,0.996988
-0.019460,-0.074228,0.008729,0.997013
-0.019418,-0.074171,0.009351,0.997013
-0.019005,-0.073317,0.010930,0.997068
-0.018195,-0.071306,0.014362,0.997185
-0.015616,-0.067874,0.014841,0.997461
-0.013541,-0.062762,0.014517,0.997831
-0.020155,-0.051668,0.001353,0.998460
-0.027295,-0.037924,-0.005735,0.998891
-0.035083,-0.021295,-0.007123,0.999132
-0.037558,0.002845,-0.003961,0.999283
-0.034762,0.030899,0.001704,0.998916
-0.031947,0.055487,0.006452,0.997927
-0.026110,0.077140,0.010748,0.996620
-0.027748,0.102782,0.004303,0.994308
-0.031405,0.130356,0.003735,0.990963
-0.040221,0.152277,0.005136,0.987506
-0.041307,0.173010,0.006576,0.984031
-0.039486,0.191455,0.003897,0.980699
-0.042120,0.209148,-0.005041,0.976963
-0.044508,0.228407,-0.011907,0.972475
-0.045897,0.240291,-0.012129,0.969539
-0.043750,0.247531,-0.010556,0.967834
-0.042952,0.259965,-0.008900,0.964621
-0.040124,0.270891,-0.010203,0.961719
-0.042994,0.283107,-0.013703,0.958026
-0.040414,0.294632,-0.012223,0.954678
-0.041202,0.305518,-0.018611,0.951112
-0.038944,0.314917,-0.019965,0.948110
-0.040206,0.326618,-0.023998,0.943996
-0.039823,0.337332,-0.021756,0.940291
-0.040852,0.347606,-0.021696,0.936499
-0.038884,0.360985,-0.021913,0.931503
-0.037867,0.366887,-0.026055,0.929129
-0.034227,0.370996,-0.026596,0.927622
-0.033511,0.374648,-0.027037,0.926167
-0.032705,0.377693,-0.026823,0.924964
-0.036723,0.382630,-0.028010,0.922747
-0.039289,0.390830,-0.027003,0.919227
-0.040184,0.398181,-0.028035,0.915997
-0.036989,0.404835,-0.030299,0.913139
-0.041216,0.411700,-0.033845,0.909758
-0.041669,0.420214,-0.035811,0.905760
-0.042267,0.431517,-0.033208,0.900502
-0.039909,0.440820,-0.032485,0.896119
-0.038920,0.449671,-0.030638,0.891820
-0.039807,0.455617,-0.033695,0.888647
-0.040926,0.461545,-0.033365,0.885544
-0.041241,0.466514,-0.033196,0.882928
-0.042253,0.472597,-0.031293,0.879709
-0.042718,0.476807,-0.029473,0.877475
-0.043459,0.482046,-0.029456,0.874572
-0.042376,0.489169,-0.033075,0.870531
-0.034472,0.498160,-0.036366,0.865636
-0.037076,0.506611,-0.037715,0.860551
-0.033655,0.512160,-0.026412,0.857824
-0.037301,0.515760,-0.023837,0.855589
-0.036517,0.523465,-0.022975,0.850954
-0.042020,0.532191,-0.029992,0.845049
-0.047440,0.537692,-0.031054,0.841232
-0.052384,0.546750,-0.031321,0.835068
-0.051875,0.556568,-0.032073,0.828560
-0.058020,0.573761,-0.033793,0.816266
-0.060069,0.586504,-0.036629,0.806885
-0.063586,0.592019,-0.036287,0.802592
-0.059704,0.594630,-0.034918,0.801019
-0.054657,0.595741,-0.034190,0.800585
-0.051791,0.597987,-0.035908,0.799024
-0.049352,0.601908,-0.038256,0.796120
-0.053075,0.605110,-0.039316,0.793397
-0.056625,0.610685,-0.037356,0.788963
-0.058746,0.614830,-0.035006,0.785689
-0.057830,0.618547,-0.033966,0.782880
-0.065789,0.619465,-0.042230,0.781122
-0.068711,0.622918,-0.044902,0.777969
-0.072142,0.635763,-0.045780,0.767141
-0.062539,0.637710,-0.041211,0.766627
-0.059844,0.637882,-0.038634,0.766833
-0.055415,0.636902,-0.036314,0.768093
-0.058227,0.636874,-0.032513,0.768078
-0.057434,0.636173,-0.032470,0.768720
-0.061104,0.635687,-0.034643,0.768745
-0.063477,0.634932,-0.036813,0.769075
-0.063883,0.635425,-0.038269,0.768563
-0.064823,0.635363,-0.039072,0.768495
-0.062838,0.635374,-0.038950,0.768658
-0.061376,0.634803,-0.039713,0.769208
-0.059239,0.635389,-0.039134,0.768921
-0.059247,0.635643,-0.038756,0.768730
-0.060105,0.635961,-0.037410,0.768467
-0.061967,0.635752,-0.035803,0.768569
-0.064197,0.636651,-0.034538,0.767699
-0.065178,0.637731,-0.036214,0.766642
-0.064608,0.638585,-0.036738,0.765953
-0.064598,0.639556,-0.037598,0.765102
-0.065129,0.639525,-0.035910,0.765165
-0.064927,0.639613,-0.034609,0.765168
-0.064358,0.639477,-0.035168,0.765304
-0.060401,0.639774,-0.033041,0.765473
-0.060885,0.639562,-0.033770,0.765580
-0.060195,0.642077,-0.033893,0.763522
-0.063073,0.642369,-0.037114,0.762894
-0.062852,0.642755,-0.037375,0.762573
-0.062191,0.642832,-0.039012,0.762481
-0.059387,0.643766,-0.040196,0.761855
-0.059102,0.643727,-0.041175,0.761858
-0.058976,0.643903,-0.040509,0.761754
-0.060714,0.644232,-0.039912,0.761371
-0.059797,0.644665,-0.040829,0.761028
-0.061282,0.644480,-0.040021,0.761110
-0.061185,0.645163,-0.039706,0.760555
-0.060138,0.645240,-0.040028,0.760556
-0.058188,0.645381,-0.041495,0.760510
-0.057907,0.645795,-0.041417,0.760184
-0.058297,0.646120,-0.040376,0.759934
-0.059318,0.645827,-0.038370,0.760209
-0.061177,0.645662,-0.038397,0.760200
-0.062020,0.645622,-0.037401,0.760215
-0.060597,0.645581,-0.039166,0.760276
-0.058324,0.645676,-0.038170,0.760424
-0.059382,0.645452,-0.040570,0.760408
-0.062623,0.645218,-0.040425,0.760354
-0.064736,0.644831,-0.041356,0.760455
-0.065054,0.644554,-0.040468,0.760710
-0.060588,0.645193,-0.041370,0.760489
-0.058443,0.644582,-0.041663,0.761159
-0.057611,0.644247,-0.042152,0.761479
-0.060837,0.644259,-0.040904,0.761286
-0.061867,0.644692,-0.040421,0.760862
-0.060268,0.645011,-0.041163,0.760680
-0.058839,0.645130,-0.040909,0.760704
-0.058664,0.645060,-0.040535,0.760798
-0.059499,0.645010,-0.039391,0.760836
-0.060414,0.644702,-0.038842,0.761053
-0.059530,0.644476,-0.039969,0.761255
-0.060048,0.644440,-0.041023,0.761189
-0.060863,0.644206,-0.041790,0.761280
-0.063180,0.644252,-0.039844,0.761157
-0.062513,0.644471,-0.038183,0.761112
-0.061551,0.644663,-0.038078,0.761033
-0.061077,0.644651,-0.038605,0.761054
-0.062613,0.644412,-0.039655,0.761079
-0.062000,0.644311,-0.038804,0.761258
-0.062788,0.644130,-0.039525,0.761309
-0.061714,0.644455,-0.038472,0.761176
-0.062281,0.644178,-0.039600,0.761307
-0.061714,0.644205,-0.040204,0.761299
-0.061045,0.644304,-0.040863,0.761234
-0.061802,0.644113,-0.042191,0.761262
-0.060942,0.643717,-0.043497,0.761593
-0.060939,0.643268,-0.045157,0.761875
-0.058887,0.643193,-0.044353,0.762147
-0.058044,0.642958,-0.043033,0.762486
-0.058410,0.642621,-0.042755,0.762757
-0.059587,0.642209,-0.043074,0.762995
-0.060243,0.641533,-0.043581,0.763484
-0.060032,0.640839,-0.043619,0.764080
-0.059723,0.639406,-0.044652,0.765244
-0.058637,0.638587,-0.045769,0.765946
-0.058235,0.636026,-0.045004,0.768150
-0.057653,0.633909,-0.046140,0.769874
-0.058777,0.630753,-0.046677,0.772346
-0.059359,0.627810,-0.047711,0.774632
-0.056713,0.623857,-0.043709,0.778251
-0.054762,0.621432,-0.042018,0.780422
-0.054022,0.617269,-0.041525,0.783796
-0.056740,0.614068,-0.043644,0.786000
-0.059718,0.612545,-0.044073,0.786943
-0.058534,0.609995,-0.038066,0.789323
-0.058339,0.606587,-0.034852,0.792107
-0.054581,0.602828,-0.030704,0.795410
-0.055937,0.596957,-0.033216,0.799631
-0.057260,0.588407,-0.033790,0.805827
-0.059400,0.580375,-0.034937,0.811429
-0.059708,0.574576,-0.033350,0.815589
-0.057325,0.566864,-0.031366,0.821216
-0.056308,0.562615,-0.031959,0.824180
-0.055896,0.558651,-0.034190,0.826811
-0.057288,0.555661,-0.035761,0.828662
-0.059801,0.552551,-0.034630,0.830609
-0.059541,0.547077,-0.032537,0.834328
-0.060629,0.540763,-0.033797,0.838306
-0.061040,0.533644,-0.035429,0.842759
-0.061825,0.525309,-0.034951,0.847943
-0.062514,0.516095,-0.032737,0.853619
-0.063226,0.508112,-0.029422,0.858463
-0.070979,0.499195,-0.033503,0.862927
-0.071383,0.491546,-0.032191,0.867324
-0.070264,0.487948,-0.030759,0.869496
-0.061517,0.483862,-0.024496,0.872636
-0.060971,0.477730,-0.022536,0.876098
-0.062720,0.473624,-0.024157,0.878159
-0.065119,0.472016,-0.026284,0.878788
-0.064780,0.464081,-0.025581,0.883050
-0.064231,0.457200,-0.026302,0.886651
-0.059400,0.450348,-0.024369,0.890541
-0.056062,0.441389,-0.030802,0.895033
-0.054918,0.432899,-0.031542,0.899215
-0.050921,0.425195,-0.029451,0.903188
-0.047802,0.417391,-0.022377,0.907193
-0.046236,0.405638,-0.020478,0.912634
-0.049067,0.394773,-0.023911,0.917156
-0.050732,0.386050,-0.027642,0.920667
-0.049224,0.379406,-0.025222,0.923576
-0.047941,0.372047,-0.027406,0.926570
-0.046060,0.363799,-0.020825,0.930105
-0.044305,0.352935,-0.021651,0.934348
-0.043187,0.345894,-0.018313,0.937100
-0.041215,0.338887,-0.022345,0.939658
-0.042021,0.330542,-0.022209,0.942594
-0.041516,0.318629,-0.024061,0.946664
-0.044755,0.307738,-0.023842,0.950119
-0.046392,0.298095,-0.022806,0.953135
-0.046765,0.289445,-0.022371,0.955790
-0.044941,0.280864,-0.021558,0.958452
-0.045198,0.274648,-0.023180,0.960202
-0.045763,0.265207,-0.022174,0.962850
-0.046063,0.254354,-0.024583,0.965701
-0.046395,0.246905,-0.020067,0.967720
-0.046517,0.237362,-0.019439,0.970112
-0.044260,0.226535,-0.016586,0.972856
-0.038825,0.215015,-0.019203,0.975650
-0.033590,0.207199,-0.017497,0.977565
-0.035832,0.194607,-0.017293,0.980074
-0.038169,0.182737,-0.016195,0.982287
-0.038737,0.171410,-0.015845,0.984310
-0.034747,0.158422,-0.014568,0.986652
-0.031203,0.146588,-0.012878,0.988621
-0.030615,0.134436,-0.012001,0.990377
-0.028641,0.124879,-0.010575,0.991702
-0.022269,0.117033,-0.012223,0.992803
-0.021005,0.114708,-0.008478,0.993141
-0.021466,0.100541,-0.008101,0.994668
-0.026131,0.090721,-0.007025,0.995509
-0.024309,0.081393,-0.005829,0.996369
-0.023326,0.072143,-0.005663,0.997105
-0.024806,0.062154,-0.004140,0.997750
-0.024844,0.052920,-0.004391,0.998280
-0.025279,0.042244,-0.002779,0.998784
-0.022324,0.031096,-0.001268,0.999266
-0.024006,0.022932,-0.002965,0.999444
-0.024535,0.014571,-0.002798,0.999589
-0.027945,0.007130,-0.003298,0.999579
-0.028373,-0.002787,-0.004073,0.999585
-0.029084,-0.009448,-0.005402,0.999518
-0.031530,-0.016443,-0.003463,0.999362
-0.032327,-0.028454,-0.001986,0.999070
-0.028838,-0.040262,0.003077,0.998768
-0.025404,-0.049774,-0.000035,0.998437
-0.023955,-0.053145,0.000987,0.998299
-0.025416,-0.053437,-0.000994,0.998247
-0.025115,-0.054373,0.001063,0.998204
-0.024818,-0.055100,0.000957,0.998172
-0.024472,-0.055310,-0.001291,0.998168
-0.025702,-0.055699,-0.002285,0.998114
-0.026555,-0.055757,-0.001077,0.998091
-0.026937,-0.056019,-0.000586,0.998066
-0.026425,-0.055712,0.000483,0.998097
-0.025557,-0.055866,-0.002965,0.998107
-0.025615,-0.055737,0.000066,0.998117
-0.025112,-0.055701,-0.003016,0.998127
-0.025366,-0.055539,-0.001229,0.998133
-0.025682,-0.055870,-0.003466,0.998102
-0.026279,-0.055819,-0.000218,0.998095
-0.026480,-0.056046,-0.000165,0.998077
-0.025718,-0.056085,0.001876,0.998093
-0.026065,-0.056188,0.001290,0.998079
-0.026879,-0.056176,0.003840,0.998052
-0.028470,-0.056261,0.002655,0.998007
-0.028800,-0.056092,0.001557,0.998009
-0.029569,-0.057429,-0.000917,0.997911
-0.028929,-0.059655,-0.000761,0.997800
-0.030237,-0.060760,0.002674,0.997691
-0.023865,-0.059957,0.006109,0.997897
-0.022740,-0.059966,0.010743,0.997884
-0.020953,-0.068744,0.007166,0.997389
-0.025565,-0.070217,0.005389,0.997190
-0.025309,-0.070340,-0.001092,0.997201
-0.025133,-0.070580,0.001211,0.997189
-0.025616,-0.070711,0.000637,0.997168
-0.027963,-0.071197,0.003842,0.997063
-0.028641,-0.071036,0.003170,0.997057
-0.028184,-0.070819,0.003529,0.997085
-0.027884,-0.071123,0.002576,0.997074
-0.028753,-0.071319,0.004994,0.997027
-0.029770,-0.071103,0.005755,0.997008
-0.030051,-0.071067,0.006753,0.996996
-0.029268,-0.070863,0.005372,0.997042
-0.029645,-0.070794,0.005415,0.997036
-0.029589,-0.070869,0.004678,0.997036
-0.028786,-0.070950,0.004702,0.997053
-0.027543,-0.070758,0.005152,0.997100
-0.024537,-0.071066,0.007531,0.997141
-0.021419,-0.071126,0.001110,0.997237
-0.019823,-0.069869,-0.001378,0.997358
-0.020648,-0.075055,-0.003296,0.996960
-0.021316,-0.074679,0.002384,0.996977
-0.022084,-0.074855,0.003615,0.996943
-0.021545,-0.074825,0.004293,0.996955
-0.023952,-0.073319,0.000613,0.997021
-0.021794,-0.072496,0.000056,0.997131
-0.022666,-0.071127,-0.002756,0.997206
-0.020311,-0.068318,0.000383,0.997457
-0.018690,-0.066314,0.001764,0.997622
-0.008724,-0.065672,0.002853,0.997799
0.005183,-0.069456,0.001690,0.997570
0.022845,-0.076808,0.001716,0.996783
0.035081,-0.082418,0.001699,0.995979
0.043851,-0.087876,0.002547,0.995163
0.046740,-0.089819,0.003748,0.994854
0.052405,-0.088523,0.004961,0.994682
0.061272,-0.086668,0.004754,0.994340
0.075415,-0.086200,0.003797,0.993412
0.089246,-0.088739,0.005506,0.992033
0.102746,-0.091437,0.006858,0.990472
0.114208,-0.096178,0.008821,0.988751
0.125890,-0.100746,0.009530,0.986869
0.134961,-0.103378,0.011000,0.985382
0.144839,-0.108050,0.012411,0.983460
0.155996,-0.112064,0.014795,0.981269
0.165717,-0.114456,0.015354,0.979389
0.176205,-0.115564,0.018386,0.977373
0.186198,-0.117643,0.019580,0.975247
0.199734,-0.121091,0.024011,0.972043
0.209689,-0.123616,0.026766,0.969553
0.211487,-0.128909,0.030168,0.968373
0.223485,-0.135649,0.033927,0.964626
0.235078,-0.144031,0.038822,0.960461
0.253207,-0.148875,0.042127,0.954960
0.264154,-0.155170,0.046137,0.950798
0.277967,-0.158082,0.047499,0.946302
0.292696,-0.160129,0.049983,0.941376
0.305403,-0.166392,0.053821,0.936027
0.319423,-0.170273,0.057534,0.930412
0.334628,-0.174852,0.062665,0.923864
0.351346,-0.177169,0.069463,0.916702
0.365358,-0.180739,0.076176,0.909969
0.379330,-0.186307,0.088973,0.901933
0.394634,-0.191914,0.101353,0.892839
0.410298,-0.197544,0.116319,0.882667
0.427912,-0.205740,0.130751,0.870326
0.440483,-0.213626,0.140749,0.860540
0.445602,-0.221394,0.147472,0.854795
0.454170,-0.229068,0.161018,0.845772
0.464077,-0.238432,0.175610,0.834832
0.476491,-0.246426,0.195967,0.820870
0.482640,-0.266366,0.191325,0.812098
0.492195,-0.274950,0.203232,0.800527
0.502308,-0.280018,0.208742,0.791014
0.509681,-0.279415,0.222765,0.782642
0.516120,-0.279674,0.233526,0.775157
0.525510,-0.278937,0.240877,0.766819
0.532870,-0.279815,0.244102,0.760373
0.540958,-0.279298,0.242987,0.755191
0.544477,-0.284952,0.242366,0.750737
0.549650,-0.282792,0.239168,0.748807
0.557059,-0.277492,0.243064,0.744045
0.563704,-0.277076,0.249848,0.736914
0.568728,-0.279986,0.255114,0.730118
0.574183,-0.279639,0.251979,0.727064
0.581882,-0.276895,0.252900,0.721653
0.588031,-0.277257,0.255374,0.715634
0.591846,-0.280195,0.260519,0.709464
0.596698,-0.278236,0.261769,0.705701
0.601824,-0.274946,0.264943,0.701439
0.604330,-0.273301,0.266689,0.699263
0.606422,-0.272888,0.267309,0.697374
0.608380,-0.271260,0.269032,0.695639
0.608751,-0.271100,0.268855,0.695446
0.608395,-0.273163,0.272733,0.693436
0.607017,-0.275685,0.270720,0.694434
0.608127,-0.275760,0.270796,0.693403
0.608408,-0.276936,0.272603,0.691978
0.607780,-0.282332,0.274105,0.689753
0.606120,-0.288097,0.279111,0.686816
0.606269,-0.286639,0.280106,0.686889
0.607028,-0.284532,0.282418,0.686147
0.609788,-0.281552,0.282922,0.684721
0.612810,-0.281935,0.281963,0.682256
0.616818,-0.279613,0.283826,0.678819
0.618861,-0.278919,0.284450,0.676981
0.620369,-0.277426,0.285794,0.675647
0.620214,-0.276472,0.286289,0.675971
0.620413,-0.276460,0.285576,0.676095
0.620778,-0.277281,0.284349,0.675940
0.621838,-0.277489,0.283998,0.675027
0.622347,-0.276650,0.284558,0.674667
0.622269,-0.275438,0.285734,0.674738
0.620734,-0.276489,0.284833,0.676102
0.619298,-0.277256,0.283801,0.677536
0.619367,-0.276798,0.283456,0.677805
0.620063,-0.275639,0.284125,0.677360
0.620409,-0.275694,0.283634,0.677228
0.620397,-0.275357,0.283844,0.677288
0.620621,-0.275344,0.283590,0.677194
0.621470,-0.273640,0.284866,0.676570
0.623146,-0.273771,0.284052,0.675318
0.624749,-0.274094,0.284067,0.673697
0.627110,-0.273729,0.284088,0.671640
0.626872,-0.272987,0.284917,0.671812
0.626961,-0.272161,0.285491,0.671821
0.626423,-0.272645,0.284754,0.672439
0.627116,-0.272741,0.284192,0.671991
0.627643,-0.272433,0.283703,0.671831
0.628880,-0.272285,0.284061,0.670582
0.631381,-0.270347,0.285599,0.668359
0.633581,-0.269920,0.285981,0.666283
0.634874,-0.269094,0.286658,0.665095
0.635197,-0.269686,0.285879,0.664881
0.634959,-0.270031,0.285623,0.665078
0.634719,-0.269732,0.285726,0.665385
0.633908,-0.269594,0.285712,0.666219
0.633416,-0.269329,0.285542,0.666868
0.632877,-0.268947,0.285541,0.667533
0.632749,-0.269417,0.284517,0.667902
0.633486,-0.268543,0.285087,0.667313
0.633926,-0.268562,0.284737,0.667035
0.634358,-0.268001,0.284582,0.666917
0.633908,-0.268218,0.283874,0.667559
0.633678,-0.269367,0.282524,0.667888
0.634155,-0.268714,0.282262,0.667809
0.634399,-0.268645,0.281037,0.668121
0.634949,-0.267650,0.281410,0.667841
0.634375,-0.267532,0.280999,0.668606
0.635007,-0.267646,0.280901,0.668002
0.634980,-0.267586,0.280946,0.668032
0.636380,-0.267057,0.281062,0.666862
0.637131,-0.267077,0.281332,0.666023
0.638675,-0.265377,0.282755,0.664620
0.638422,-0.265580,0.282804,0.664761
0.637969,-0.264763,0.282978,0.665447
0.637738,-0.264709,0.282440,0.665918
0.637702,-0.264571,0.281729,0.666309
0.637891,-0.264317,0.281315,0.666403
0.638012,-0.264232,0.280790,0.666543
0.638659,-0.263666,0.280990,0.666063
0.639539,-0.262661,0.281588,0.665362
0.640072,-0.262017,0.281747,0.665037
0.640835,-0.262878,0.280290,0.664578
0.640802,-0.262588,0.280538,0.664619
0.640995,-0.262945,0.279471,0.664741
0.641500,-0.260886,0.281265,0.664309
0.641666,-0.261942,0.280668,0.663986
0.641776,-0.261842,0.280617,0.663940
0.642075,-0.261860,0.279666,0.664045
0.642037,-0.260736,0.280293,0.664260
0.640808,-0.260937,0.279526,0.665689
0.639578,-0.262700,0.278080,0.666784
0.639423,-0.263075,0.276865,0.667290
0.640583,-0.262525,0.276798,0.666421
0.641054,-0.261693,0.277943,0.665819
0.641930,-0.261158,0.278121,0.665110
0.641767,-0.261902,0.277785,0.665115
0.642567,-0.260965,0.277930,0.664650
0.642363,-0.260705,0.277768,0.665017
0.641665,-0.260768,0.277478,0.665787
0.641838,-0.261204,0.276513,0.665850
0.642597,-0.260371,0.276194,0.665577
0.644007,-0.258660,0.277036,0.664531
0.644237,-0.258796,0.276817,0.664346
0.643973,-0.259201,0.276110,0.664739
0.644839,-0.259272,0.275978,0.663925
0.646267,-0.257741,0.276764,0.662805
0.648030,-0.256842,0.275390,0.662005
0.647626,-0.256810,0.274803,0.662655
0.646431,-0.257020,0.272372,0.664741
0.645449,-0.255562,0.272985,0.666005
0.644735,-0.256696,0.271385,0.666913
0.645383,-0.255970,0.271363,0.666575
0.645830,-0.256438,0.270836,0.666176
0.646493,-0.255475,0.271682,0.665559
0.646252,-0.255053,0.271557,0.666005
0.646264,-0.254069,0.271959,0.666206
0.647035,-0.253359,0.272565,0.665479
0.647011,-0.252558,0.273021,0.665620
0.646501,-0.253319,0.272301,0.666122
0.645818,-0.253699,0.271609,0.666922
0.645619,-0.254122,0.270805,0.667280
0.645807,-0.254339,0.270463,0.667155
0.646724,-0.253680,0.270626,0.666450
0.648546,-0.253200,0.270761,0.664805
0.649654,-0.252610,0.271582,0.663611
0.649587,-0.251927,0.271995,0.663768
0.648889,-0.251876,0.271507,0.664670
0.648787,-0.250849,0.271980,0.664964
0.648408,-0.251461,0.271258,0.665397
0.647133,-0.251319,0.271156,0.666733
0.645656,-0.252803,0.269532,0.668261
0.644874,-0.252427,0.270040,0.668951
0.645695,-0.252911,0.269347,0.668255
0.647067,-0.251814,0.269082,0.667449
0.647630,-0.252136,0.269064,0.666789
0.648352,-0.252247,0.269067,0.666043
0.648814,-0.253425,0.267645,0.665720
0.650262,-0.252846,0.267924,0.664413
0.650311,-0.251469,0.268658,0.664591
0.649510,-0.250370,0.269840,0.665311
0.648866,-0.250006,0.270414,0.665842
0.648059,-0.250782,0.269860,0.666561
0.648934,-0.251533,0.268434,0.666002
0.650735,-0.251217,0.268430,0.664364
0.651515,-0.250924,0.268576,0.663650
0.651093,-0.249860,0.269419,0.664125
0.650537,-0.250435,0.268637,0.664769
0.652415,-0.247965,0.270354,0.663157
0.652549,-0.249130,0.268987,0.663144
0.653089,-0.247826,0.269522,0.662884
0.652322,-0.247674,0.269102,0.663866
0.652424,-0.246986,0.269427,0.663890
0.651938,-0.247059,0.269141,0.664456
0.651943,-0.248808,0.267008,0.664659
0.652685,-0.248094,0.267567,0.663973
0.653926,-0.247703,0.267341,0.662988
0.655150,-0.246463,0.268223,0.661885
0.655392,-0.245859,0.267972,0.661972
0.654969,-0.246910,0.267012,0.662386
0.655268,-0.246256,0.267183,0.662266
0.655041,-0.247246,0.265852,0.662657
0.654985,-0.246500,0.266122,0.662881
0.653678,-0.246489,0.265326,0.664492
0.653589,-0.244893,0.266414,0.664734
0.653244,-0.244267,0.266593,0.665232
0.654260,-0.243796,0.266688,0.664368
0.654888,-0.243369,0.266793,0.663863
0.656311,-0.243204,0.266948,0.662455
0.656180,-0.243438,0.266266,0.662773
0.655845,-0.243714,0.265481,0.663318
0.654764,-0.243870,0.265162,0.664455
0.655116,-0.243326,0.264453,0.664590
0.656294,-0.242768,0.264901,0.663453
0.657172,-0.243557,0.263921,0.662684
0.658388,-0.241691,0.265807,0.661406
0.657160,-0.241629,0.265451,0.662791
0.655415,-0.241850,0.264859,0.664673
0.653411,-0.243259,0.263735,0.666575
0.654560,-0.242256,0.264061,0.665684
0.655383,-0.242163,0.264189,0.664857
0.655494,-0.242438,0.263528,0.664909
0.654886,-0.242618,0.262570,0.665821
0.654805,-0.242021,0.262571,0.666118
0.655785,-0.240763,0.262944,0.665462
0.655588,-0.241091,0.262373,0.665763
0.655325,-0.240412,0.262680,0.666145
0.654181,-0.241076,0.261736,0.667401
0.654739,-0.240891,0.261232,0.667118
0.655419,-0.240893,0.260309,0.666811
0.656424,-0.239029,0.261428,0.666055
0.655793,-0.238782,0.261465,0.666749
0.656150,-0.237402,0.262102,0.666641
0.656150,-0.238611,0.260386,0.666882
0.657020,-0.238825,0.259861,0.666153
0.657955,-0.239209,0.259217,0.665342
0.658663,-0.238392,0.259903,0.664667
0.659216,-0.237053,0.260662,0.664300
0.658952,-0.236457,0.261087,0.664608
0.659272,-0.236563,0.260371,0.664534
0.659782,-0.236629,0.259920,0.664181
0.660147,-0.236687,0.259443,0.663984
0.660441,-0.235970,0.259951,0.663748
0.660382,-0.236455,0.258627,0.664152
0.660538,-0.235554,0.258560,0.664342
0.660017,-0.235863,0.257807,0.665042
0.660060,-0.234613,0.258602,0.665134
0.661061,-0.233647,0.258399,0.664558
0.661569,-0.233857,0.257849,0.664192
0.663369,-0.232321,0.258677,0.662612
0.663014,-0.233422,0.257818,0.662915
0.663750,-0.232575,0.257724,0.662512
0.663990,-0.233342,0.256531,0.662466
0.664578,-0.233187,0.255828,0.662203
0.664753,-0.233023,0.255096,0.662367
0.664137,-0.232945,0.255131,0.662998
0.663695,-0.232412,0.255201,0.663600
0.663563,-0.231968,0.255455,0.663791
0.664153,-0.232109,0.254563,0.663494
0.665060,-0.231117,0.255262,0.662663
0.665467,-0.232163,0.254252,0.662276
0.665783,-0.231324,0.254394,0.662198
0.666036,-0.231750,0.253363,0.662189
0.665708,-0.230432,0.254075,0.662706
0.664632,-0.229972,0.254000,0.663974
0.662977,-0.229601,0.254304,0.665638
0.662142,-0.230420,0.252449,0.666891
0.661213,-0.229234,0.246691,0.670367
0.658821,-0.231815,0.243131,0.673130
0.654710,-0.233394,0.240958,0.677364
0.650248,-0.234839,0.239035,0.681829
0.646436,-0.234658,0.238780,0.685594
0.643362,-0.235214,0.238109,0.688523
0.640673,-0.234763,0.236575,0.691706
0.638398,-0.233606,0.231816,0.695800
0.635060,-0.235292,0.229129,0.699168
0.632982,-0.232218,0.224864,0.703452
0.629129,-0.229425,0.221398,0.708903
0.625047,-0.226333,0.220704,0.713708
0.622211,-0.222405,0.215629,0.718953
0.619804,-0.218966,0.210940,0.723464
0.616226,-0.214999,0.206078,0.729090
0.610820,-0.213834,0.204110,0.734515
0.607820,-0.206357,0.197945,0.740803
0.604038,-0.202824,0.194497,0.745769
0.599660,-0.198543,0.187251,0.752280
0.596960,-0.192537,0.182877,0.757050
0.594199,-0.190701,0.178970,0.760612
0.590373,-0.189096,0.176538,0.764550
0.585602,-0.187907,0.171435,0.769657
0.581005,-0.182497,0.165886,0.775635
0.580489,-0.178317,0.164998,0.777181
0.577522,-0.172285,0.157883,0.782214
0.573742,-0.169555,0.154172,0.786322
0.568659,-0.164849,0.146424,0.792472
0.566903,-0.162454,0.144393,0.794594
0.564075,-0.160740,0.138362,0.798022
0.563189,-0.155339,0.132233,0.800751
0.556035,-0.155081,0.127976,0.806472
0.552424,-0.155656,0.126724,0.809036
0.543885,-0.155744,0.121071,0.815644
0.548604,-0.148226,0.123344,0.813541
0.542413,-0.145906,0.121920,0.818313
0.534781,-0.144371,0.112567,0.824921
0.523429,-0.146192,0.105076,0.832832
0.515589,-0.147769,0.100419,0.838002
0.508605,-0.145323,0.096497,0.843143
0.501640,-0.137983,0.089113,0.849339
0.491221,-0.127749,0.077931,0.858084
0.480508,-0.121748,0.071871,0.865519
0.468895,-0.114013,0.066935,0.873303
0.448518,-0.106392,0.054708,0.885731
0.429271,-0.098977,0.045302,0.896592
0.403962,-0.090117,0.034326,0.909679
0.379310,-0.082104,0.028626,0.921175
0.358769,-0.071803,0.023034,0.930376
0.339250,-0.067339,0.015134,0.938161
0.324511,-0.058134,0.010598,0.944034
0.300042,-0.055934,0.007307,0.952257
0.274242,-0.054353,0.008316,0.960088
0.250116,-0.056188,0.006682,0.966561
0.230184,-0.055003,0.004762,0.971580
0.213172,-0.048612,0.000821,0.975804
0.198984,-0.041734,-0.002088,0.979111
0.182755,-0.034038,-0.003005,0.982564
0.167777,-0.037544,-0.000035,0.985110
0.152021,-0.040077,-0.001462,0.987563
0.143504,-0.040246,-0.002943,0.988827
0.132821,-0.038221,-0.004284,0.990394
0.122015,-0.035244,-0.002772,0.991898
0.109157,-0.034347,-0.002048,0.993429
0.094175,-0.031482,-0.002704,0.995054
0.081379,-0.030600,-0.003124,0.996208
0.065051,-0.028478,-0.004376,0.997466
0.055228,-0.026298,-0.005737,0.998111
0.046011,-0.025060,-0.005089,0.998614
0.038201,-0.023876,-0.004659,0.998974
0.030688,-0.024174,-0.004982,0.999224
0.020966,-0.024220,-0.005084,0.999474
0.016023,-0.024269,-0.005274,0.999563
0.010636,-0.027148,-0.004020,0.999567
0.007206,-0.031434,-0.004013,0.999472
0.004264,-0.032445,-0.002669,0.999461
-0.001896,-0.033647,-0.002230,0.999430
-0.006273,-0.037162,-0.002934,0.999285
-0.015895,-0.039085,0.000477,0.999109
-0.021914,-0.040277,-0.000263,0.998948
-0.025611,-0.038420,-0.000638,0.998933
-0.025536,-0.034707,-0.002493,0.999068
-0.027630,-0.033642,0.001249,0.999051
-0.031395,-0.033968,0.004231,0.998921
-0.033550,-0.032777,0.003426,0.998894
-0.032869,-0.033083,0.002673,0.998908
-0.032727,-0.033138,0.002256,0.998912
-0.032898,-0.033295,0.003038,0.998899
-0.032779,-0.033243,0.001373,0.998909
-0.032402,-0.033337,0.002842,0.998915
-0.032215,-0.033602,0.002836,0.998912
-0.032552,-0.033772,0.003892,0.998892
-0.033320,-0.033517,0.002803,0.998879
-0.033795,-0.033475,0.002431,0.998865
-0.033944,-0.033674,0.002647,0.998853
-0.033843,-0.033660,0.002374,0.998857
-0.033828,-0.033982,0.003232,0.998845
-0.033332,-0.033836,0.003656,0.998865
-0.033155,-0.033976,0.004008,0.998865
-0.032974,-0.034647,0.003359,0.998850
-0.033470,-0.035280,0.003696,0.998810
-0.033619,-0.035586,0.003121,0.998796
-0.033238,-0.035745,0.002693,0.998804
-0.033488,-0.035894,0.002945,0.998790
-0.033202,-0.035729,0.003199,0.998805
-0.033395,-0.035356,0.003184,0.998812
-0.032925,-0.035426,0.001135,0.998829
-0.033238,-0.035569,0.000915,0.998814
-0.033267,-0.035381,0.003632,0.998813
-0.032901,-0.035412,0.003939,0.998823
-0.033144,-0.035349,0.003754,0.998818
-0.033370,-0.035483,0.001866,0.998811
-0.033340,-0.035313,0.002244,0.998818
-0.032619,-0.035236,0.002702,0.998843
-0.032458,-0.035728,0.002583,0.998831
-0.032936,-0.035619,0.003165,0.998818
-0.032677,-0.035564,0.002886,0.998829
-0.032634,-0.035661,0.004226,0.998822
-0.032970,-0.035644,0.004430,0.998811
-0.032986,-0.035981,0.005394,0.998793
-0.032733,-0.035999,0.005481,0.998801
-0.031665,-0.035945,0.005499,0.998837
-0.031925,-0.036163,0.004356,0.998826
-0.031349,-0.036292,0.003026,0.998845
-0.032129,-0.036618,0.003155,0.998808
-0.032835,-0.036227,0.002588,0.998801
-0.033308,-0.036381,0.003882,0.998775
-0.033714,-0.036690,0.000498,0.998758
-0.033895,-0.036914,0.004738,0.998732
-0.034169,-0.037210,0.006672,0.998701
-0.033593,-0.036390,0.010044,0.998722
-0.033325,-0.034182,0.002350,0.998857
-0.033458,-0.033771,-0.003348,0.998864
-0.033323,-0.030729,-0.006825,0.998949
-0.033063,-0.028087,-0.006447,0.999038
-0.033077,-0.027250,-0.006145,0.999062
-0.034323,-0.026568,-0.003423,0.999052
-0.035164,-0.026986,-0.000441,0.999017
-0.039425,-0.027214,0.008303,0.998817
-0.044064,-0.027932,0.004064,0.998630
-0.047786,-0.023166,0.004322,0.998580
-0.048310,-0.017879,0.001723,0.998671
-0.042641,-0.017548,0.007796,0.998906
-0.037763,-0.018121,0.010022,0.999072
-0.037069,-0.017950,0.002215,0.999149
-0.034267,-0.020337,-0.000266,0.999206
-0.031979,-0.021558,-0.006523,0.999235
-0.030032,-0.022077,-0.005031,0.999292
-0.029251,-0.021967,-0.007021,0.999306
-0.028602,-0.023989,-0.005448,0.999288
-0.026286,-0.022932,-0.007220,0.999365
-0.024252,-0.025824,-0.005781,0.999356
-0.018673,-0.027683,-0.006890,0.999419
-0.016448,-0.028815,-0.003448,0.999443
-0.014422,-0.029452,-0.005380,0.999448
-0.014945,-0.028550,-0.000175,0.999481
-0.016394,-0.028307,-0.001664,0.999463
-0.016487,-0.025063,0.002820,0.999546
-0.017032,-0.020756,-0.000539,0.999639
-0.013926,-0.018285,-0.000418,0.999736
-0.012797,-0.017114,-0.000774,0.999771
-0.013796,-0.014338,0.000939,0.999802
-0.016960,-0.009208,0.004274,0.999805
-0.018549,-0.005251,-0.001230,0.999813
-0.016605,-0.002975,-0.001598,0.999856
-0.015788,-0.000202,-0.001891,0.999874
-0.015257,0.006285,0.002681,0.999860
-0.013779,0.007707,0.001900,0.999874
-0.012089,0.006940,-0.001389,0.999902
-0.011097,0.008081,-0.008003,0.999874
-0.011135,0.008800,-0.008996,0.999859
-0.010295,0.007326,-0.009452,0.999875
-0.011062,0.006527,-0.008234,0.999884
-0.014138,0.007204,-0.022616,0.999618
-0.011951,0.009896,-0.021611,0.999646
-0.007187,0.007582,-0.016537,0.999809
-0.003781,0.009309,-0.006257,0.999930
-0.002717,0.009932,-0.004470,0.999937
-0.004204,0.008113,-0.008517,0.999922
-0.004466,0.008833,-0.009189,0.999909
-0.004403,0.008817,-0.008815,0.999913
-0.002864,0.009203,-0.009345,0.999910
-0.003623,0.008413,-0.010458,0.999903
-0.003502,0.010110,-0.008103,0.999910
-0.005439,0.009847,-0.005003,0.999924
-0.003000,0.008956,-0.001799,0.999954
0.000110,0.007480,-0.002092,0.999970
0.004757,0.005157,0.001071,0.999975
0.005968,0.003060,0.002502,0.999974
0.006957,0.004168,0.003999,0.999959
0.007443,0.003822,-0.000983,0.999965
0.009152,0.004006,-0.002677,0.999947
0.006884,0.003479,-0.002895,0.999966
0.004452,0.004814,-0.005594,0.999963
0.001495,0.004301,-0.007562,0.999961
0.000877,0.006083,-0.008208,0.999947
0.003381,0.009063,-0.003008,0.999949
0.004822,0.010361,-0.001790,0.999933
0.005966,0.012194,0.000905,0.999907
0.005012,0.013112,0.007372,0.999874
0.005797,0.013431,0.005611,0.999877
0.005318,0.014062,0.001891,0.999885
0.005696,0.014626,-0.000209,0.999877
0.005171,0.017652,0.002852,0.999827
0.008279,0.017802,0.011683,0.999739
0.010440,0.018002,0.008062,0.999751
0.010539,0.017629,0.002910,0.999785
0.008301,0.018252,-0.009077,0.999758
0.005990,0.022243,-0.009199,0.999692
0.006999,0.026815,-0.000944,0.999615
0.010850,0.026817,0.006089,0.999563
0.013392,0.026721,0.002952,0.999549
0.015662,0.029988,0.002821,0.999424
0.017961,0.032081,0.000365,0.999324
0.020551,0.031434,0.005815,0.999278
0.018316,0.033908,0.011573,0.999190
0.015083,0.038088,0.020646,0.998947
0.014069,0.038986,0.025056,0.998826
0.015404,0.037358,0.019190,0.998999
0.016887,0.037558,0.012672,0.999071
0.020401,0.038628,0.039378,0.998269
0.020258,0.038947,0.043003,0.998110
0.019815,0.044806,0.045639,0.997756
0.021059,0.049349,0.036802,0.997881
0.020042,0.050341,0.027147,0.998162
0.019860,0.050618,0.019626,0.998328
0.021056,0.046064,0.026011,0.998378
0.022058,0.042327,0.026549,0.998507
0.021529,0.036033,0.026813,0.998759
0.015808,0.028492,0.017469,0.999316
0.012779,0.020743,0.015565,0.999582
0.009471,0.013092,0.009380,0.999825
0.013317,0.011150,0.013483,0.999758
0.013951,0.009441,0.005723,0.999842
0.028050,0.008659,0.005964,0.999551
0.041069,0.011371,-0.001429,0.999091
0.045537,0.012782,-0.000740,0.998881
0.035009,0.011009,-0.004836,0.999315
0.020246,0.008063,-0.001966,0.999761
0.011630,0.006621,0.001854,0.999909
0.007390,0.005860,0.005695,0.999939
0.005645,0.004097,0.002068,0.999974
0.004252,0.003947,-0.001433,0.999982
0.002251,0.002881,-0.002253,0.999991
-0.002641,0.001622,0.002049,0.999993
